<?xml version="1.0" encoding="utf-8" ?>
<dwsync>
<file name="ifame_logo.ico" server="sep.csumb.edu" local="129543938050000000" remote="129543938050000000" />
<file name="ifame_logo_link.png" server="sep.csumb.edu" local="129543938050000000" remote="129543938050000000" />
<file name="nms_logo_border.png" server="sep.csumb.edu" local="129543938060000000" remote="129543938060000000" />
<file name="scid_logo_1.png" server="sep.csumb.edu" local="129543938270000000" remote="129543938270000000" />
<file name="map_question.png" server="sep.csumb.edu" local="129543938060000000" remote="129543938060000000" />
<file name="legend.png" server="sep.csumb.edu" local="129543938050000000" remote="129543938050000000" />
<file name="map_legend.png" server="sep.csumb.edu" local="129543938050000000" remote="129543938050000000" />
<file name="scid_logo_2.jpg" server="sep.csumb.edu" local="129543938330000000" remote="129543938330000000" />
<file name="bg_1x1t.png" server="sep.csumb.edu" local="129543938030000000" remote="129543938030000000" />
<file name="nms_logo_link.png" server="sep.csumb.edu" local="129543938070000000" remote="129543938070000000" />
<file name="bg_1x25_black.png" server="sep.csumb.edu" local="129543938030000000" remote="129543938030000000" />
<file name="scid_logo_2.png" server="sep.csumb.edu" local="129543938340000000" remote="129543938340000000" />
</dwsync>