<?xml version="1.0" encoding="utf-8" ?>
<dwsync>
<file name="aacanyons_04_p_01.jpg" server="sep.csumb.edu" local="129640622310000000" remote="129640622310000000" />
<file name="aacanyons_02_p_02.jpg" server="sep.csumb.edu" local="129640622310000000" remote="129640622310000000" />
<file name="aacanyons_01_p_01.jpg" server="sep.csumb.edu" local="129640622310000000" remote="129640622310000000" />
<file name="aacanyons_03_p_02.jpg" server="sep.csumb.edu" local="129640622310000000" remote="129640622310000000" />
<file name="aacanyons_03_p_01.jpg" server="sep.csumb.edu" local="129640622310000000" remote="129640622310000000" />
<file name="aacanyons_03_p_03.jpg" server="sep.csumb.edu" local="129640622310000000" remote="129640622310000000" />
<file name="aacanyons_02_p_01.jpg" server="sep.csumb.edu" local="129640622310000000" remote="129640622310000000" />
<file name="aacanyons_01_p_02.jpg" server="sep.csumb.edu" local="129640622310000000" remote="129640622310000000" />
<file name="aacanyons_04_p_02.jpg" server="sep.csumb.edu" local="129640622310000000" remote="129640622310000000" />
</dwsync>