<?xml version="1.0" encoding="utf-8" ?>
<dwsync>
<file name="carmel_04_p_01.jpg" server="sep.csumb.edu" local="129640622530000000" remote="129640622530000000" />
<file name="carmel_06_p_04.jpg" server="sep.csumb.edu" local="129640622530000000" remote="129640622530000000" />
<file name="lobos_24_p_06.jpg" server="sep.csumb.edu" local="129640622530000000" remote="129640622530000000" />
<file name="carmel_03_p_03.jpg" server="sep.csumb.edu" local="129640622530000000" remote="129640622530000000" />
<file name="carmel_04_p_03.jpg" server="sep.csumb.edu" local="129640622530000000" remote="129640622530000000" />
<file name="carmel_04_p_05.jpg" server="sep.csumb.edu" local="129640622530000000" remote="129640622530000000" />
<file name="lobos_26_p_03.jpg" server="sep.csumb.edu" local="129640622540000000" remote="129640622540000000" />
<file name="lobos_22_p_01.jpg" server="sep.csumb.edu" local="129640622530000000" remote="129640622530000000" />
<file name="lobos_11_p_03.jpg" server="sep.csumb.edu" local="129640622530000000" remote="129640622530000000" />
<file name="carmel_04_p_09.jpg" server="sep.csumb.edu" local="129640622530000000" remote="129640622530000000" />
<file name="carmel_03_p_07.jpg" server="sep.csumb.edu" local="129640622530000000" remote="129640622530000000" />
<file name="lobos_07_p_01.jpg" server="sep.csumb.edu" local="129640622530000000" remote="129640622530000000" />
<file name="lobos_10_p_02.jpg" server="sep.csumb.edu" local="129640622530000000" remote="129640622530000000" />
<file name="carmel_01_p_02.jpg" server="sep.csumb.edu" local="129640622530000000" remote="129640622530000000" />
<file name="carmel_06_p_02.jpg" server="sep.csumb.edu" local="129640622530000000" remote="129640622530000000" />
<file name="lobos_27_p_01.jpg" server="sep.csumb.edu" local="129640622540000000" remote="129640622540000000" />
<file name="carmel_06_p_07.jpg" server="sep.csumb.edu" local="129640622530000000" remote="129640622530000000" />
<file name="carmel_03_p_02.jpg" server="sep.csumb.edu" local="129640622530000000" remote="129640622530000000" />
<file name="carmel_04_p_02.jpg" server="sep.csumb.edu" local="129640622530000000" remote="129640622530000000" />
<file name="lobos_23_p_06.jpg" server="sep.csumb.edu" local="129640622530000000" remote="129640622530000000" />
<file name="carmel_02_p_01.jpg" server="sep.csumb.edu" local="129640622530000000" remote="129640622530000000" />
<file name="lobos_23_p_04.jpg" server="sep.csumb.edu" local="129640622530000000" remote="129640622530000000" />
<file name="carmel_04_p_08.jpg" server="sep.csumb.edu" local="129640622530000000" remote="129640622530000000" />
<file name="lobos_24_p_01.jpg" server="sep.csumb.edu" local="129640622530000000" remote="129640622530000000" />
<file name="carmel_03_p_05.jpg" server="sep.csumb.edu" local="129640622530000000" remote="129640622530000000" />
<file name="carmel_05_p_03.jpg" server="sep.csumb.edu" local="129640622530000000" remote="129640622530000000" />
<file name="carmel_05_p_02.jpg" server="sep.csumb.edu" local="129640622530000000" remote="129640622530000000" />
<file name="lobos_23_p_05.jpg" server="sep.csumb.edu" local="129640622530000000" remote="129640622530000000" />
<file name="lobos_09_p_01.jpg" server="sep.csumb.edu" local="129640622530000000" remote="129640622530000000" />
<file name="lobos_08_p_01.jpg" server="sep.csumb.edu" local="129640622530000000" remote="129640622530000000" />
<file name="lobos_23_p_07.jpg" server="sep.csumb.edu" local="129640622530000000" remote="129640622530000000" />
<file name="lobos_27_p_04.jpg" server="sep.csumb.edu" local="129640622540000000" remote="129640622540000000" />
<file name="carmel_02_p_04.jpg" server="sep.csumb.edu" local="129640622530000000" remote="129640622530000000" />
<file name="lobos_24_p_02.jpg" server="sep.csumb.edu" local="129640622530000000" remote="129640622530000000" />
<file name="lobos_24_p_05.jpg" server="sep.csumb.edu" local="129640622530000000" remote="129640622530000000" />
<file name="lobos_25_p_09.jpg" server="sep.csumb.edu" local="129640622540000000" remote="129640622540000000" />
<file name="lobos_23_p_02.jpg" server="sep.csumb.edu" local="129640622530000000" remote="129640622530000000" />
<file name="lobos_04_p_01.jpg" server="sep.csumb.edu" local="129640622530000000" remote="129640622530000000" />
<file name="carmel_06_p_09.jpg" server="sep.csumb.edu" local="129640622530000000" remote="129640622530000000" />
<file name="carmel_06_p_03.jpg" server="sep.csumb.edu" local="129640622530000000" remote="129640622530000000" />
<file name="lobos_25_p_06.jpg" server="sep.csumb.edu" local="129640622540000000" remote="129640622540000000" />
<file name="lobos_03_p_02.jpg" server="sep.csumb.edu" local="129640622530000000" remote="129640622530000000" />
<file name="lobos_25_p_05.jpg" server="sep.csumb.edu" local="129640622540000000" remote="129640622540000000" />
<file name="lobos_01_p_02.jpg" server="sep.csumb.edu" local="129640622530000000" remote="129640622530000000" />
<file name="lobos_26_p_01.jpg" server="sep.csumb.edu" local="129640622540000000" remote="129640622540000000" />
<file name="carmel_05_p_06.jpg" server="sep.csumb.edu" local="129640622530000000" remote="129640622530000000" />
<file name="carmel_02_p_03.jpg" server="sep.csumb.edu" local="129640622530000000" remote="129640622530000000" />
<file name="lobos_03_p_01.jpg" server="sep.csumb.edu" local="129640622530000000" remote="129640622530000000" />
<file name="lobos_26_p_02.jpg" server="sep.csumb.edu" local="129640622540000000" remote="129640622540000000" />
<file name="carmel_06_p_01.jpg" server="sep.csumb.edu" local="129640622530000000" remote="129640622530000000" />
<file name="carmel_03_p_06.jpg" server="sep.csumb.edu" local="129640622530000000" remote="129640622530000000" />
<file name="lobos_09_p_03.jpg" server="sep.csumb.edu" local="129640622530000000" remote="129640622530000000" />
<file name="carmel_05_p_04.jpg" server="sep.csumb.edu" local="129640622530000000" remote="129640622530000000" />
<file name="lobos_08_p_04.jpg" server="sep.csumb.edu" local="129640622530000000" remote="129640622530000000" />
<file name="carmel_05_p_05.jpg" server="sep.csumb.edu" local="129640622530000000" remote="129640622530000000" />
<file name="carmel_01_p_01.jpg" server="sep.csumb.edu" local="129640622530000000" remote="129640622530000000" />
<file name="lobos_25_p_03.jpg" server="sep.csumb.edu" local="129640622530000000" remote="129640622530000000" />
<file name="lobos_27_p_02.jpg" server="sep.csumb.edu" local="129640622540000000" remote="129640622540000000" />
<file name="carmel_06_p_08.jpg" server="sep.csumb.edu" local="129640622530000000" remote="129640622530000000" />
<file name="lobos_08_p_03.jpg" server="sep.csumb.edu" local="129640622530000000" remote="129640622530000000" />
<file name="carmel_03_p_01.jpg" server="sep.csumb.edu" local="129640622530000000" remote="129640622530000000" />
<file name="carmel_04_p_06.jpg" server="sep.csumb.edu" local="129640622530000000" remote="129640622530000000" />
<file name="lobos_24_p_04.jpg" server="sep.csumb.edu" local="129640622530000000" remote="129640622530000000" />
<file name="lobos_23_p_08.jpg" server="sep.csumb.edu" local="129640622530000000" remote="129640622530000000" />
<file name="lobos_23_p_01.jpg" server="sep.csumb.edu" local="129640622530000000" remote="129640622530000000" />
<file name="lobos_08_p_05.jpg" server="sep.csumb.edu" local="129640622530000000" remote="129640622530000000" />
<file name="lobos_15_p_01.jpg" server="sep.csumb.edu" local="129640622530000000" remote="129640622530000000" />
<file name="lobos_25_p_07.jpg" server="sep.csumb.edu" local="129640622540000000" remote="129640622540000000" />
<file name="lobos_07_p_02.jpg" server="sep.csumb.edu" local="129640622530000000" remote="129640622530000000" />
<file name="carmel_04_p_04.jpg" server="sep.csumb.edu" local="129640622530000000" remote="129640622530000000" />
<file name="carmel_05_p_01.jpg" server="sep.csumb.edu" local="129640622530000000" remote="129640622530000000" />
<file name="carmel_04_p_07.jpg" server="sep.csumb.edu" local="129640622530000000" remote="129640622530000000" />
<file name="carmel_01_p_03.jpg" server="sep.csumb.edu" local="129640622530000000" remote="129640622530000000" />
<file name="lobos_01_p_01.jpg" server="sep.csumb.edu" local="129640622530000000" remote="129640622530000000" />
<file name="lobos_10_p_01.jpg" server="sep.csumb.edu" local="129640622530000000" remote="129640622530000000" />
<file name="lobos_02_p_02.jpg" server="sep.csumb.edu" local="129640622530000000" remote="129640622530000000" />
<file name="carmel_02_p_02.jpg" server="sep.csumb.edu" local="129640622530000000" remote="129640622530000000" />
<file name="lobos_12_p_01.jpg" server="sep.csumb.edu" local="129640622530000000" remote="129640622530000000" />
<file name="lobos_27_p_03.jpg" server="sep.csumb.edu" local="129640622540000000" remote="129640622540000000" />
<file name="lobos_25_p_01.jpg" server="sep.csumb.edu" local="129640622530000000" remote="129640622530000000" />
<file name="lobos_11_p_02.jpg" server="sep.csumb.edu" local="129640622530000000" remote="129640622530000000" />
<file name="carmel_06_p_06.jpg" server="sep.csumb.edu" local="129640622530000000" remote="129640622530000000" />
<file name="lobos_02_p_03.jpg" server="sep.csumb.edu" local="129640622530000000" remote="129640622530000000" />
<file name="lobos_25_p_02.jpg" server="sep.csumb.edu" local="129640622530000000" remote="129640622530000000" />
<file name="lobos_08_p_02.jpg" server="sep.csumb.edu" local="129640622530000000" remote="129640622530000000" />
<file name="lobos_23_p_03.jpg" server="sep.csumb.edu" local="129640622530000000" remote="129640622530000000" />
<file name="lobos_25_p_08.jpg" server="sep.csumb.edu" local="129640622540000000" remote="129640622540000000" />
<file name="lobos_04_p_02.jpg" server="sep.csumb.edu" local="129640622530000000" remote="129640622530000000" />
<file name="lobos_25_p_04.jpg" server="sep.csumb.edu" local="129640622530000000" remote="129640622530000000" />
<file name="lobos_11_p_01.jpg" server="sep.csumb.edu" local="129640622530000000" remote="129640622530000000" />
<file name="lobos_09_p_02.jpg" server="sep.csumb.edu" local="129640622530000000" remote="129640622530000000" />
<file name="carmel_06_p_05.jpg" server="sep.csumb.edu" local="129640622530000000" remote="129640622530000000" />
<file name="carmel_03_p_04.jpg" server="sep.csumb.edu" local="129640622530000000" remote="129640622530000000" />
<file name="carmel_02_p_05.jpg" server="sep.csumb.edu" local="129640622530000000" remote="129640622530000000" />
<file name="lobos_24_p_03.jpg" server="sep.csumb.edu" local="129640622530000000" remote="129640622530000000" />
<file name="lobos_02_p_01.jpg" server="sep.csumb.edu" local="129640622530000000" remote="129640622530000000" />
</dwsync>