<?xml version="1.0" encoding="utf-8" ?>
<dwsync>
<file name="marker2.php" server="sep.csumb.edu" local="129891072890000000" remote="129891072890000000" />
<file name="db_connection.php" server="sep.csumb.edu" local="130511440030000000" remote="130511440030000000" />
<file name="index_old.php" server="sep.csumb.edu" local="129153711550000000" remote="129153711550000000" />
<file name="maplabel.js" server="sep.csumb.edu" local="129887068650000000" remote="129887068650000000" />
<file name="FLVPlayer_Progressive.swf" server="sep.csumb.edu" local="129153690510000000" remote="129153690510000000" />
<file name="scid.php" server="sep.csumb.edu" local="129153690510000000" remote="129153690510000000" />
<file name="Clear_Skin_1.swf" server="sep.csumb.edu" local="129153690510000000" remote="129153690510000000" />
<file name="area_results.php" server="sep.csumb.edu" local="129153690510000000" remote="129153690510000000" />
<file name="findMedia.php" server="sep.csumb.edu" local="129543939330000000" remote="129543939330000000" />
<file name="learn.html" server="sep.csumb.edu" local="129920766630000000" remote="129920766630000000" />
<file name="about.php" server="sep.csumb.edu" local="129153709930000000" remote="129153709930000000" />
<file name="cluster.js" server="sep.csumb.edu" local="129893174760000000" remote="129893174760000000" />
<file name="instructions_east.html" server="sep.csumb.edu" local="129920762720000000" remote="129920762720000000" />
<file name="index_working_072312.html" server="sep.csumb.edu" local="129608881670000000" remote="129608881670000000" />
<file name="testkml.php" server="sep.csumb.edu" local="129153715000000000" remote="129153715000000000" />
<file name="marker.php" server="sep.csumb.edu" local="129919945880000000" remote="129919945880000000" />
<file name="index.html" server="sep.csumb.edu" local="129920845320000000" remote="129920845320000000" />
<file name="marker_072612_working.php" server="sep.csumb.edu" local="129876776020000000" remote="129876776020000000" />
<file name="findStudyArea.php" server="sep.csumb.edu" local="129543939330000000" remote="129543939330000000" />
<file name="marker_working_072312.php" server="sep.csumb.edu" local="129639945520000000" remote="129639945520000000" />
<file name="marker_test.php" server="sep.csumb.edu" local="129623503370000000" remote="129623503370000000" />
<file name="instructions_west.html" server="sep.csumb.edu" local="129920759970000000" remote="129920759970000000" />
<file name="field_ops.php" server="sep.csumb.edu" local="129153710100000000" remote="129153710100000000" />
<file name="marker_102410.php" server="sep.csumb.edu" local="129544944490000000" remote="129544944490000000" />
</dwsync>