<?xml version="1.0" encoding="utf-8" ?>
<dwsync>
<file name="core.js.gz" server="sep.csumb.edu" local="129543936970000000" remote="129543936970000000" />
<file name="tooltip.js" server="sep.csumb.edu" local="129543936990000000" remote="129543936990000000" />
<file name="cycler.js.gz" server="sep.csumb.edu" local="129543936970000000" remote="129543936970000000" />
<file name="ie6.js.gz" server="sep.csumb.edu" local="129543936980000000" remote="129543936980000000" />
<file name="ie6.js" server="sep.csumb.edu" local="129543936980000000" remote="129543936980000000" />
<file name="media.js.gz" server="sep.csumb.edu" local="129543936980000000" remote="129543936980000000" />
<file name="tooltip.js.gz" server="sep.csumb.edu" local="129543936990000000" remote="129543936990000000" />
<file name="media.js" server="sep.csumb.edu" local="129543936980000000" remote="129543936980000000" />
<file name="cycler.js" server="sep.csumb.edu" local="129543936970000000" remote="129543936970000000" />
<file name="popup.js" server="sep.csumb.edu" local="129543936980000000" remote="129543936980000000" />
<file name="core.js" server="sep.csumb.edu" local="129543936960000000" remote="129543936960000000" />
<file name="popup.js.gz" server="sep.csumb.edu" local="129543936980000000" remote="129543936980000000" />
</dwsync>