<?xml version="1.0" encoding="utf-8" ?>
<dwsync>
<file name="piedras_16_p_seastar.jpg" server="sep.csumb.edu" local="129127195820000000" remote="129127195820000000" />
<file name="cruzcanyon_08_p_eelpout.jpg" server="sep.csumb.edu" local="129152266940000000" remote="129152266940000000" />
<file name="cruzcanyon_06_p_seawhipbrittlestars1.jpg" server="sep.csumb.edu" local="129152266940000000" remote="129152266940000000" />
<file name="piedras_13_p_tubeanemone.jpg" server="sep.csumb.edu" local="129127195820000000" remote="129127195820000000" />
<file name="cruzcanyon_05_p_rockcrab.jpg" server="sep.csumb.edu" local="129152266940000000" remote="129152266940000000" />
<file name="piedras_11_p_mediaster.jpg" server="sep.csumb.edu" local="129127195820000000" remote="129127195820000000" />
<file name="cruzcanyon_05_p_seaslug.jpg" server="sep.csumb.edu" local="129152266940000000" remote="129152266940000000" />
<file name="piedras_09_p_greenspottedrockfish.jpg" server="sep.csumb.edu" local="129127195820000000" remote="129127195820000000" />
<file name="cruzcanyon_04_p_vermilion.jpg" server="sep.csumb.edu" local="129152266930000000" remote="129152266930000000" />
<file name="cruzcanyon_08_p_darkblotchedrockfish1.jpg" server="sep.csumb.edu" local="129152266940000000" remote="129152266940000000" />
<file name="piedras_18_p_sponge3d.jpg" server="sep.csumb.edu" local="129127195820000000" remote="129127195820000000" />
<file name="cruzcanyon_03_p_anemones.jpg" server="sep.csumb.edu" local="129152266930000000" remote="129152266930000000" />
<file name="piedras_10_p_solitaryanemone.jpg" server="sep.csumb.edu" local="129127195820000000" remote="129127195820000000" />
<file name="piedras_06_p_sponge3d.jpg" server="sep.csumb.edu" local="129127195810000000" remote="129127195810000000" />
<file name="piedras_24_p_mollusceggcase.jpg" server="sep.csumb.edu" local="129127195820000000" remote="129127195820000000" />
<file name="piedras_24_p_sunstar.jpg" server="sep.csumb.edu" local="129127195820000000" remote="129127195820000000" />
<file name="piedras_08_p_algea.jpg" server="sep.csumb.edu" local="129127195810000000" remote="129127195810000000" />
<file name="cruzcanyon_06_p_gastropod.jpg" server="sep.csumb.edu" local="129152266940000000" remote="129152266940000000" />
<file name="cruzcanyon_07_p_brittlestar.jpg" server="sep.csumb.edu" local="129152266940000000" remote="129152266940000000" />
<file name="piedras_22_p_crinoidhydroid.jpg" server="sep.csumb.edu" local="129127195820000000" remote="129127195820000000" />
<file name="cruzcanyon_02_p_blackeyedgoby.jpg" server="sep.csumb.edu" local="129152266920000000" remote="129152266920000000" />
<file name="cruzcanyon_03_p_poacher.jpg" server="sep.csumb.edu" local="129152266930000000" remote="129152266930000000" />
<file name="piedras_05_p_yelloweyerockfish.jpg" server="sep.csumb.edu" local="129127195810000000" remote="129127195810000000" />
<file name="cruzcanyon_05_p_orangeseapen.jpg" server="sep.csumb.edu" local="129152266930000000" remote="129152266930000000" />
<file name="cruzcanyon_09_p_clubtippedanemone.jpg" server="sep.csumb.edu" local="129152266950000000" remote="129152266950000000" />
<file name="piedras_01_p_sandstar.jpg" server="sep.csumb.edu" local="129127195810000000" remote="129127195810000000" />
<file name="piedras_22_p_flatfish.jpg" server="sep.csumb.edu" local="129127195820000000" remote="129127195820000000" />
<file name="piedras_16_p_solitaryanemone.jpg" server="sep.csumb.edu" local="129127195820000000" remote="129127195820000000" />
<file name="cruzcanyon_08_p_octopus1.jpg" server="sep.csumb.edu" local="129152266940000000" remote="129152266940000000" />
<file name="piedras_19_p_flatfish.jpg" server="sep.csumb.edu" local="129127195820000000" remote="129127195820000000" />
<file name="piedras_01_p_brittleonsediment.jpg" server="sep.csumb.edu" local="129127195810000000" remote="129127195810000000" />
<file name="piedras_02_p_solitaryanemone.jpg" server="sep.csumb.edu" local="129127195810000000" remote="129127195810000000" />
<file name="cruzcanyon_04_p_bryozoan.jpg" server="sep.csumb.edu" local="129152266930000000" remote="129152266930000000" />
<file name="piedras_04_p_gopherrockfish.jpg" server="sep.csumb.edu" local="129127195810000000" remote="129127195810000000" />
<file name="piedras_09_p_sponge3d.jpg" server="sep.csumb.edu" local="129127195820000000" remote="129127195820000000" />
<file name="cruzcanyon_02_p_vermilion.jpg" server="sep.csumb.edu" local="129152266920000000" remote="129152266920000000" />
<file name="cruzcanyon_09_p_sebastomus.jpg" server="sep.csumb.edu" local="129152266950000000" remote="129152266950000000" />
<file name="piedras_05_p_mollusceggcase.jpg" server="sep.csumb.edu" local="129127195810000000" remote="129127195810000000" />
<file name="cruzcanyon_09_p_orangeseapen.jpg" server="sep.csumb.edu" local="129152266950000000" remote="129152266950000000" />
<file name="piedras_20_p_crinoid.jpg" server="sep.csumb.edu" local="129127195820000000" remote="129127195820000000" />
<file name="piedras_01_p_tubeanemone.jpg" server="sep.csumb.edu" local="129127195810000000" remote="129127195810000000" />
<file name="cruzcanyon_01_p_fishingline.jpg" server="sep.csumb.edu" local="129152266920000000" remote="129152266920000000" />
<file name="cruzcanyon_04_p_3dspongecrinoid.jpg" server="sep.csumb.edu" local="129152266930000000" remote="129152266930000000" />
<file name="cruzcanyon_01_p_rathbunella.jpg" server="sep.csumb.edu" local="129152266920000000" remote="129152266920000000" />
<file name="cruzcanyon_07_p_octopus.jpg" server="sep.csumb.edu" local="129152266940000000" remote="129152266940000000" />
<file name="cruzcanyon_06_p_hydroids.jpg" server="sep.csumb.edu" local="129152266940000000" remote="129152266940000000" />
<file name="cruzcanyon_02_p_rosyrockfish.jpg" server="sep.csumb.edu" local="129152266920000000" remote="129152266920000000" />
<file name="cruzcanyon_03_p_crinoid.jpg" server="sep.csumb.edu" local="129152266930000000" remote="129152266930000000" />
<file name="piedras_04_p_algea.jpg" server="sep.csumb.edu" local="129127195810000000" remote="129127195810000000" />
<file name="piedras_14_p_solitaryanemone.jpg" server="sep.csumb.edu" local="129127195820000000" remote="129127195820000000" />
<file name="cruzcanyon_07_p_seawhip.jpg" server="sep.csumb.edu" local="129152266940000000" remote="129152266940000000" />
<file name="cruzcanyon_01_p_brittlestar.jpg" server="sep.csumb.edu" local="129152266920000000" remote="129152266920000000" />
<file name="piedras_06_p_bluerockfish.jpg" server="sep.csumb.edu" local="129127195810000000" remote="129127195810000000" />
<file name="piedras_02_p_gorgonian.jpg" server="sep.csumb.edu" local="129127195810000000" remote="129127195810000000" />
</dwsync>