<?xml version="1.0" encoding="utf-8" ?>
<dwsync>
<file name="ifame_logo.ico" server="sep.csumb.edu" local="129153434740000000" remote="129153434740000000" />
<file name="scid_bg.jpg" server="sep.csumb.edu" local="129153434740000000" remote="129153434740000000" />
<file name="scid_header.png" server="sep.csumb.edu" local="129153563450000000" remote="129153563450000000" />
<file name="scid_sub_header.png" server="sep.csumb.edu" local="129153434740000000" remote="129153434740000000" />
<file name="ifame_logo_link.jpg" server="sep.csumb.edu" local="129153434740000000" remote="129153434740000000" />
<file name="nms_logo_link.jpg" server="sep.csumb.edu" local="129153434740000000" remote="129153434740000000" />
<file name="sled_screen_details.jpg" server="sep.csumb.edu" local="129153434740000000" remote="129153434740000000" />
<file name="fulmar_web.jpg" server="sep.csumb.edu" local="129153434740000000" remote="129153434740000000" />
<file name="sled_schemamtic_web.jpg" server="sep.csumb.edu" local="129153434740000000" remote="129153434740000000" />
<file name="delta_web_scid.jpg" server="sep.csumb.edu" local="129153434740000000" remote="129153434740000000" />
<file name="rov_web_scid.jpg" server="sep.csumb.edu" local="129153434740000000" remote="129153434740000000" />
<file name="CameraSled_EcoViz.flv" server="sep.csumb.edu" local="129153248730000000" remote="129153248730000000" />
<file name="legend.png" server="sep.csumb.edu" local="129153627700000000" remote="129153627700000000" />
<file name="xkey_web.jpg" server="sep.csumb.edu" local="129153434740000000" remote="129153434740000000" />
<file name="FLVPlayer_Progressive.swf" server="sep.csumb.edu" local="129153671310000000" remote="129153671310000000" />
<file name="Clear_Skin_1.swf" server="sep.csumb.edu" local="129153671310000000" remote="129153671310000000" />
<file name="ifame_logo.jpg" server="sep.csumb.edu" local="129153434740000000" remote="129153434740000000" />
<file name="nms_logo.jpg" server="sep.csumb.edu" local="129153434740000000" remote="129153434740000000" />
<file name="sled_schemamtic.jpg" server="sep.csumb.edu" local="129153429010000000" remote="129153429010000000" />
</dwsync>