<?xml version="1.0" encoding="utf-8" ?>
<dwsync>
<file name="northbay_33_p_smallsunstar.jpg" server="sep.csumb.edu" local="129153236620000000" remote="129153236620000000" />
<file name="northbay_18_p_octopus.jpg" server="sep.csumb.edu" local="129153236580000000" remote="129153236580000000" />
<file name="northbay_14_p_doversole.jpg" server="sep.csumb.edu" local="129153236580000000" remote="129153236580000000" />
<file name="northbay_29_p_spinyredseastar.jpg" server="sep.csumb.edu" local="129153236610000000" remote="129153236610000000" />
<file name="northbay_11_p_englishsole.jpg" server="sep.csumb.edu" local="129153236580000000" remote="129153236580000000" />
<file name="northbay_02_p_sandstar.jpg" server="sep.csumb.edu" local="129153236580000000" remote="129153236580000000" />
<file name="northbay_06_p_mounds.jpg" server="sep.csumb.edu" local="129153236580000000" remote="129153236580000000" />
<file name="northbay_23_p_sunstar.jpg" server="sep.csumb.edu" local="129153236580000000" remote="129153236580000000" />
<file name="northbay_12_p_mediaster.jpg" server="sep.csumb.edu" local="129153236580000000" remote="129153236580000000" />
<file name="northbay_08_p_seaslug.jpg" server="sep.csumb.edu" local="129153236580000000" remote="129153236580000000" />
<file name="northbay_33_p_seacucumber2.jpg" server="sep.csumb.edu" local="129153236620000000" remote="129153236620000000" />
<file name="northbay_25_p_redbrittleonsediment.jpg" server="sep.csumb.edu" local="129153236580000000" remote="129153236580000000" />
<file name="northbay_12_p_skateeggcase.jpg" server="sep.csumb.edu" local="129153236580000000" remote="129153236580000000" />
<file name="northbay_32_p_cowcod.jpg" server="sep.csumb.edu" local="129153236610000000" remote="129153236610000000" />
<file name="northbay_22_p_seacucumber.jpg" server="sep.csumb.edu" local="129153236580000000" remote="129153236580000000" />
<file name="northbay_27_p_sunstar.jpg" server="sep.csumb.edu" local="129153236580000000" remote="129153236580000000" />
<file name="northbay_14_p_greenstripedrockfish.jpg" server="sep.csumb.edu" local="129153236580000000" remote="129153236580000000" />
<file name="northbay_31_p_flatfish.jpg" server="sep.csumb.edu" local="129153236610000000" remote="129153236610000000" />
<file name="northbay_07_p_lingcod.jpg" server="sep.csumb.edu" local="129153236580000000" remote="129153236580000000" />
<file name="northbay_28_p_seastar.jpg" server="sep.csumb.edu" local="129153236600000000" remote="129153236600000000" />
<file name="northbay_17_p_gastropod.jpg" server="sep.csumb.edu" local="129153236580000000" remote="129153236580000000" />
<file name="northbay_07_p_fishinggear.jpg" server="sep.csumb.edu" local="129153236580000000" remote="129153236580000000" />
<file name="northbay_01_p_tubeanemone.jpg" server="sep.csumb.edu" local="129153236580000000" remote="129153236580000000" />
<file name="northbay_26_p_seacucumber.jpg" server="sep.csumb.edu" local="129153236580000000" remote="129153236580000000" />
<file name="northbay_20_p_seacucumber.jpg" server="sep.csumb.edu" local="129153236580000000" remote="129153236580000000" />
<file name="northbay_18_p_combfish.jpg" server="sep.csumb.edu" local="129153236580000000" remote="129153236580000000" />
<file name="northbay_28_p_dover.jpg" server="sep.csumb.edu" local="129153236580000000" remote="129153236580000000" />
<file name="northbay_01_p_sandstar.jpg" server="sep.csumb.edu" local="129153236580000000" remote="129153236580000000" />
<file name="northbay_17_p_seawhip.jpg" server="sep.csumb.edu" local="129153236580000000" remote="129153236580000000" />
<file name="northbay_28_p_skate.jpg" server="sep.csumb.edu" local="129153236600000000" remote="129153236600000000" />
<file name="northbay_04_p_solitaryanemone.jpg" server="sep.csumb.edu" local="129153236580000000" remote="129153236580000000" />
<file name="northbay_27_p_urchin.jpg" server="sep.csumb.edu" local="129153236580000000" remote="129153236580000000" />
<file name="northbay_29_p_eelpout.jpg" server="sep.csumb.edu" local="129153236610000000" remote="129153236610000000" />
<file name="northbay_10_p_poacher.jpg" server="sep.csumb.edu" local="129153236580000000" remote="129153236580000000" />
<file name="northbay_28_p_anthomastis.jpg" server="sep.csumb.edu" local="129153236580000000" remote="129153236580000000" />
<file name="northbay_07_p_brachiopods.jpg" server="sep.csumb.edu" local="129153236580000000" remote="129153236580000000" />
<file name="northbay_32_p_octopus.jpg" server="sep.csumb.edu" local="129153236610000000" remote="129153236610000000" />
<file name="northbay_15_p_tubeanemone.jpg" server="sep.csumb.edu" local="129153236580000000" remote="129153236580000000" />
<file name="northbay_28_p_englishsole.jpg" server="sep.csumb.edu" local="129153236580000000" remote="129153236580000000" />
<file name="northbay_33_p_lingcod.jpg" server="sep.csumb.edu" local="129153236610000000" remote="129153236610000000" />
<file name="northbay_01_p_seawhip.jpg" server="sep.csumb.edu" local="129153236580000000" remote="129153236580000000" />
<file name="northbay_27_p_urchinsolis.jpg" server="sep.csumb.edu" local="129153236580000000" remote="129153236580000000" />
<file name="northbay_19_p_seacucumber.jpg" server="sep.csumb.edu" local="129153236580000000" remote="129153236580000000" />
<file name="northbay_04_p_burrow.jpg" server="sep.csumb.edu" local="129153236580000000" remote="129153236580000000" />
<file name="northbay_20_p_seaslug.jpg" server="sep.csumb.edu" local="129153236580000000" remote="129153236580000000" />
<file name="northbay_17_p_tubeanemone.jpg" server="sep.csumb.edu" local="129153236580000000" remote="129153236580000000" />
<file name="northbay_16_p_driftweed.jpg" server="sep.csumb.edu" local="129153236580000000" remote="129153236580000000" />
<file name="northbay_13_p_driftweed.jpg" server="sep.csumb.edu" local="129153236580000000" remote="129153236580000000" />
<file name="northbay_31_p_greenstripedrockfish.jpg" server="sep.csumb.edu" local="129153236610000000" remote="129153236610000000" />
<file name="northbay_05_p_seaslug.jpg" server="sep.csumb.edu" local="129153236580000000" remote="129153236580000000" />
<file name="northbay_31_p_brachiopods.jpg" server="sep.csumb.edu" local="129153236610000000" remote="129153236610000000" />
<file name="northbay_28_p_ratfish.jpg" server="sep.csumb.edu" local="129153236600000000" remote="129153236600000000" />
<file name="northbay_21_p_gastropod.jpg" server="sep.csumb.edu" local="129153236580000000" remote="129153236580000000" />
<file name="northbay_16_p_combfish.jpg" server="sep.csumb.edu" local="129153236580000000" remote="129153236580000000" />
<file name="northbay_18_p_seaslug.jpg" server="sep.csumb.edu" local="129153236580000000" remote="129153236580000000" />
<file name="northbay_28_p_sunstar.jpg" server="sep.csumb.edu" local="129153236600000000" remote="129153236600000000" />
<file name="northbay_28_p_petrale.jpg" server="sep.csumb.edu" local="129153236590000000" remote="129153236590000000" />
<file name="northbay_14_p_sandstar.jpg" server="sep.csumb.edu" local="129153236580000000" remote="129153236580000000" />
<file name="northbay_02_p_brittlestaronsediment.jpg" server="sep.csumb.edu" local="129153236580000000" remote="129153236580000000" />
<file name="northbay_11_p_animaltrack.jpg" server="sep.csumb.edu" local="129153236580000000" remote="129153236580000000" />
<file name="northbay_32_p_sunstar2.jpg" server="sep.csumb.edu" local="129153236610000000" remote="129153236610000000" />
<file name="northbay_14_p_seacucumber.jpg" server="sep.csumb.edu" local="129153236580000000" remote="129153236580000000" />
<file name="northbay_09_p_hydroid.jpg" server="sep.csumb.edu" local="129153236580000000" remote="129153236580000000" />
<file name="northbay_15_p_combfish.jpg" server="sep.csumb.edu" local="129153236580000000" remote="129153236580000000" />
</dwsync>