<?xml version="1.0" encoding="utf-8" ?>
<dwsync>
<file name="portuguese_33_p_trash.jpg" server="sep.csumb.edu" local="129147166560000000" remote="129147166560000000" />
<file name="shalebeds_04_p_solitaryanemone2.jpg" server="sep.csumb.edu" local="129152267310000000" remote="129152267310000000" />
<file name="portuguese_09_p_skateeggcase.jpg" server="sep.csumb.edu" local="129127198260000000" remote="129127198260000000" />
<file name="portuguese_07_p_englishsole.jpg" server="sep.csumb.edu" local="129127198260000000" remote="129127198260000000" />
<file name="portuguese_03_p_basketstar.jpg" server="sep.csumb.edu" local="129127198250000000" remote="129127198250000000" />
<file name="portuguese_36_p_longnoseskate.jpg" server="sep.csumb.edu" local="129147166560000000" remote="129147166560000000" />
<file name="shalebeds_02_p_batstar.jpg" server="sep.csumb.edu" local="129131093670000000" remote="129131093670000000" />
<file name="portuguese_18_p_sponge3d.jpg" server="sep.csumb.edu" local="129127198270000000" remote="129127198270000000" />
<file name="portuguese_15_p_flatfish.jpg" server="sep.csumb.edu" local="129127198270000000" remote="129127198270000000" />
<file name="portuguese_15_p_greenstripedrockfish.jpg" server="sep.csumb.edu" local="129127198270000000" remote="129127198270000000" />
<file name="portuguese_12_p_cancercrab.jpg" server="sep.csumb.edu" local="129127198260000000" remote="129127198260000000" />
<file name="portuguese_08_p_fishingline.jpg" server="sep.csumb.edu" local="129127198260000000" remote="129127198260000000" />
<file name="portuguese_07_p_gastropod.jpg" server="sep.csumb.edu" local="129127198260000000" remote="129127198260000000" />
<file name="portuguese_51_p_fishinggear.jpg" server="sep.csumb.edu" local="129147166560000000" remote="129147166560000000" />
<file name="shalebeds_02_p_batstar_strawberryanemone.jpg" server="sep.csumb.edu" local="129131093680000000" remote="129131093680000000" />
<file name="portuguese_55_p_squideggs.jpg" server="sep.csumb.edu" local="129147166560000000" remote="129147166560000000" />
<file name="shalebeds_04_p_otherseastars.jpg" server="sep.csumb.edu" local="129152267310000000" remote="129152267310000000" />
<file name="portuguese_53_p_metridium.jpg" server="sep.csumb.edu" local="129147166560000000" remote="129147166560000000" />
<file name="portuguese_14_p_whiteseapen.jpg" server="sep.csumb.edu" local="129127198270000000" remote="129127198270000000" />
<file name="portuguese_43_p_trackline.jpg" server="sep.csumb.edu" local="129147166560000000" remote="129147166560000000" />
<file name="portuguese_94_p_seawhip.jpg" server="sep.csumb.edu" local="129147166570000000" remote="129147166570000000" />
<file name="portuguese_12_p_mollusceggcase.jpg" server="sep.csumb.edu" local="129127198260000000" remote="129127198260000000" />
<file name="portuguese_34_p_metridium.jpg" server="sep.csumb.edu" local="129147166560000000" remote="129147166560000000" />
<file name="portuguese_12_p_sculpin.jpg" server="sep.csumb.edu" local="129127198260000000" remote="129127198260000000" />
<file name="portuguese_19_p_cable.jpg" server="sep.csumb.edu" local="129147166560000000" remote="129147166560000000" />
<file name="portuguese_12_p_combfish.jpg" server="sep.csumb.edu" local="129127198260000000" remote="129127198260000000" />
<file name="portuguese_15_p_basketstar.jpg" server="sep.csumb.edu" local="129127198270000000" remote="129127198270000000" />
<file name="portuguese_07_p_seaslug.jpg" server="sep.csumb.edu" local="129127198260000000" remote="129127198260000000" />
<file name="portuguese_12_p_trash.jpg" server="sep.csumb.edu" local="129127198270000000" remote="129127198270000000" />
<file name="shalebeds_04_p_encrustingsponges2.jpg" server="sep.csumb.edu" local="129152267310000000" remote="129152267310000000" />
<file name="shalebeds_02_p_blackeyegoby.jpg" server="sep.csumb.edu" local="129131093700000000" remote="129131093700000000" />
<file name="shalebeds_03_p_gorgonian.jpg" server="sep.csumb.edu" local="129152267310000000" remote="129152267310000000" />
<file name="portuguese_15_p_flagrockfish.jpg" server="sep.csumb.edu" local="129127198270000000" remote="129127198270000000" />
<file name="portuguese_08_p_orangeseapen.jpg" server="sep.csumb.edu" local="129127198260000000" remote="129127198260000000" />
<file name="portuguese_11_p_octopus.jpg" server="sep.csumb.edu" local="129127198260000000" remote="129127198260000000" />
<file name="portuguese_75_p_lingcod.jpg" server="sep.csumb.edu" local="129147166560000000" remote="129147166560000000" />
<file name="shalebeds_02_p_solitaryanemone.jpg" server="sep.csumb.edu" local="129131093760000000" remote="129131093760000000" />
<file name="portuguese_87_p_longnoseskate.jpg" server="sep.csumb.edu" local="129147166570000000" remote="129147166570000000" />
<file name="portuguese_12_p_seawhip.jpg" server="sep.csumb.edu" local="129127198270000000" remote="129127198270000000" />
<file name="portuguese_12_p_octopus.jpg" server="sep.csumb.edu" local="129127198260000000" remote="129127198260000000" />
<file name="portuguese_37_p_sunstar.jpg" server="sep.csumb.edu" local="129147166560000000" remote="129147166560000000" />
<file name="portuguese_14_p_whiteplumedanemone.jpg" server="sep.csumb.edu" local="129127198270000000" remote="129127198270000000" />
<file name="portuguese_04_p_skate.jpg" server="sep.csumb.edu" local="129127198250000000" remote="129127198250000000" />
<file name="portuguese_25_p_sponge3d.jpg" server="sep.csumb.edu" local="129147166560000000" remote="129147166560000000" />
<file name="shalebeds_02_p_mediaster.jpg" server="sep.csumb.edu" local="129131093720000000" remote="129131093720000000" />
<file name="portuguese_10_p_doversole.jpg" server="sep.csumb.edu" local="129127198260000000" remote="129127198260000000" />
<file name="shalebeds_01_p_solitaryanemone.jpg" server="sep.csumb.edu" local="129131093640000000" remote="129131093640000000" />
<file name="portuguese_29_p_vermilionrf.jpg" server="sep.csumb.edu" local="129147166560000000" remote="129147166560000000" />
<file name="shalebeds_02_p_skateeggcase.jpg" server="sep.csumb.edu" local="129131093750000000" remote="129131093750000000" />
<file name="shalebeds_03_p_gastropod.jpg" server="sep.csumb.edu" local="129152267310000000" remote="129152267310000000" />
<file name="portuguese_27_p_metridium.jpg" server="sep.csumb.edu" local="129147166560000000" remote="129147166560000000" />
<file name="portuguese_05_p_gastropod.jpg" server="sep.csumb.edu" local="129127198260000000" remote="129127198260000000" />
<file name="portuguese_58_p_luidia.jpg" server="sep.csumb.edu" local="129147166560000000" remote="129147166560000000" />
<file name="portuguese_04_p_sponge3d.jpg" server="sep.csumb.edu" local="129127198250000000" remote="129127198250000000" />
<file name="portuguese_44_p_halfbandedrf.jpg" server="sep.csumb.edu" local="129147166560000000" remote="129147166560000000" />
<file name="portuguese_02_p_skate.jpg" server="sep.csumb.edu" local="129127198250000000" remote="129127198250000000" />
<file name="portuguese_10_p_seastarwhiteplumedanemone.jpg" server="sep.csumb.edu" local="129127198260000000" remote="129127198260000000" />
<file name="portuguese_06_p_octopus.jpg" server="sep.csumb.edu" local="129127198260000000" remote="129127198260000000" />
<file name="shalebeds_02_p_sixarmedseastar.jpg" server="sep.csumb.edu" local="129131093730000000" remote="129131093730000000" />
<file name="shalebeds_01_p_solitaryanemone1.jpg" server="sep.csumb.edu" local="129131093650000000" remote="129131093650000000" />
<file name="shalebeds_01_p_cancercrab.jpg" server="sep.csumb.edu" local="129131093590000000" remote="129131093590000000" />
<file name="portuguese_13_p_brittlestar.jpg" server="sep.csumb.edu" local="129127198270000000" remote="129127198270000000" />
<file name="shalebeds_03_p_solitaryanemone.jpg" server="sep.csumb.edu" local="129152267310000000" remote="129152267310000000" />
</dwsync>