<?xml version="1.0" encoding="utf-8" ?>
<dwsync>
<file name="xkey_web.jpg" server="sep.csumb.edu" local="129543938270000000" remote="129543938270000000" />
<file name="monterey_bay_map.jpg" server="sep.csumb.edu" local="129543938170000000" remote="129543938170000000" />
<file name="delta_web_scid.JPG" server="sep.csumb.edu" local="129543938110000000" remote="129543938110000000" />
<file name="legend.png" server="sep.csumb.edu" local="129543938140000000" remote="129543938140000000" />
<file name="ifame_logo_link.jpg" server="sep.csumb.edu" local="129543938140000000" remote="129543938140000000" />
<file name="ifame_logo.ico" server="sep.csumb.edu" local="129543938140000000" remote="129543938140000000" />
<file name="rov_web_scid.jpg" server="sep.csumb.edu" local="129543938190000000" remote="129543938190000000" />
<file name="scid_bg.jpg" server="sep.csumb.edu" local="129543938210000000" remote="129543938210000000" />
<file name="scid_sub_header.png" server="sep.csumb.edu" local="129543938210000000" remote="129543938210000000" />
<file name="ifame_logo.jpg" server="sep.csumb.edu" local="129543938140000000" remote="129543938140000000" />
<file name="nms_logo_link.jpg" server="sep.csumb.edu" local="129543938180000000" remote="129543938180000000" />
<file name="nms_logo.jpg" server="sep.csumb.edu" local="129543938180000000" remote="129543938180000000" />
<file name="sled_schemamtic.jpg" server="sep.csumb.edu" local="129543938230000000" remote="129543938230000000" />
<file name="scid_header.png" server="sep.csumb.edu" local="129543938210000000" remote="129543938210000000" />
<file name="sled_screen_details.jpg" server="sep.csumb.edu" local="129543938260000000" remote="129543938260000000" />
<file name="fulmar_web.jpg" server="sep.csumb.edu" local="129543938120000000" remote="129543938120000000" />
<file name="sled_schemamtic_web.jpg" server="sep.csumb.edu" local="129543938250000000" remote="129543938250000000" />
</dwsync>