<?xml version="1.0" encoding="utf-8" ?>
<dwsync>
<file name="FLVPlayer_Progressive.swf" server="sep.csumb.edu" local="129153672030000000" remote="129153672030000000" />
<file name="scid.php" server="sep.csumb.edu" local="129144971390000000" remote="129144971390000000" />
<file name="Clear_Skin_1.swf" server="sep.csumb.edu" local="129153672030000000" remote="129153672030000000" />
<file name="area_results.php" server="sep.csumb.edu" local="129088751340000000" remote="129088751340000000" />
<file name="about.php" server="sep.csumb.edu" local="129153413630000000" remote="129153413630000000" />
<file name="testkml.php" server="sep.csumb.edu" local="129153644300000000" remote="129153644300000000" />
<file name="dojo.html" server="sep.csumb.edu" local="129162969310000000" remote="129162969310000000" />
<file name="field_ops.php" server="sep.csumb.edu" local="129153673100000000" remote="129153673100000000" />
<file name="dojo.php" server="sep.csumb.edu" local="129162995820000000" remote="129162995820000000" />
<file name="index.php" server="sep.csumb.edu" local="129153663310000000" remote="129153663310000000" />
</dwsync>