<?xml version="1.0" encoding="utf-8" ?>
<dwsync>
<file name="southsbnms_02_p_11.jpg" server="sep.csumb.edu" local="129878905470000000" remote="129878905470000000" />
<file name="southsbnms_02_p_09.jpg" server="sep.csumb.edu" local="129878905470000000" remote="129878905470000000" />
<file name="southsbnms_01_p_03.jpg" server="sep.csumb.edu" local="129878905460000000" remote="129878905460000000" />
<file name="southsbnms_01_p_04.jpg" server="sep.csumb.edu" local="129878905460000000" remote="129878905460000000" />
<file name="southsbnms_02_p_05.jpg" server="sep.csumb.edu" local="129878905470000000" remote="129878905470000000" />
<file name="southsbnms_06_p_04.jpg" server="sep.csumb.edu" local="129878905460000000" remote="129878905460000000" />
<file name="southsbnms_05_p_01.jpg" server="sep.csumb.edu" local="129878905470000000" remote="129878905470000000" />
<file name="southsbnms_05_p_08.jpg" server="sep.csumb.edu" local="129878905480000000" remote="129878905480000000" />
<file name="southsbnms_01_p_09.jpg" server="sep.csumb.edu" local="129878905460000000" remote="129878905460000000" />
<file name="southsbnms_05_p_10.jpg" server="sep.csumb.edu" local="129878905460000000" remote="129878905460000000" />
<file name="southsbnms_04_p_06.jpg" server="sep.csumb.edu" local="129878905470000000" remote="129878905470000000" />
<file name="southsbnms_04_p_10.jpg" server="sep.csumb.edu" local="129878905470000000" remote="129878905470000000" />
<file name="southsbnms_02_p_12.jpg" server="sep.csumb.edu" local="129878905470000000" remote="129878905470000000" />
<file name="southsbnms_03_p_01.jpg" server="sep.csumb.edu" local="129878905470000000" remote="129878905470000000" />
<file name="southsbnms_01_p_02.jpg" server="sep.csumb.edu" local="129878905460000000" remote="129878905460000000" />
<file name="southsbnms_05_p_11.jpg" server="sep.csumb.edu" local="129878905460000000" remote="129878905460000000" />
<file name="southsbnms_03_p_12.jpg" server="sep.csumb.edu" local="129878905470000000" remote="129878905470000000" />
<file name="southsbnms_05_p_07.jpg" server="sep.csumb.edu" local="129878905480000000" remote="129878905480000000" />
<file name="southsbnms_04_p_08.jpg" server="sep.csumb.edu" local="129878905470000000" remote="129878905470000000" />
<file name="southsbnms_04_p_04.jpg" server="sep.csumb.edu" local="129878905470000000" remote="129878905470000000" />
<file name="southsbnms_05_p_03.jpg" server="sep.csumb.edu" local="129878905470000000" remote="129878905470000000" />
<file name="southsbnms_01_p_06.jpg" server="sep.csumb.edu" local="129878905460000000" remote="129878905460000000" />
<file name="southsbnms_01_p_07.jpg" server="sep.csumb.edu" local="129878905460000000" remote="129878905460000000" />
<file name="southsbnms_05_p_05.jpg" server="sep.csumb.edu" local="129878905470000000" remote="129878905470000000" />
<file name="southsbnms_04_p_02.jpg" server="sep.csumb.edu" local="129878905470000000" remote="129878905470000000" />
<file name="southsbnms_03_p_06.jpg" server="sep.csumb.edu" local="129878905470000000" remote="129878905470000000" />
<file name="southsbnms_04_p_09.jpg" server="sep.csumb.edu" local="129878905470000000" remote="129878905470000000" />
<file name="southsbnms_01_p_08.jpg" server="sep.csumb.edu" local="129878905460000000" remote="129878905460000000" />
<file name="southsbnms_03_p_10.jpg" server="sep.csumb.edu" local="129878905470000000" remote="129878905470000000" />
<file name="southsbnms_02_p_01.jpg" server="sep.csumb.edu" local="129878905460000000" remote="129878905460000000" />
<file name="southsbnms_02_p_06.jpg" server="sep.csumb.edu" local="129878905470000000" remote="129878905470000000" />
<file name="southsbnms_02_p_07.jpg" server="sep.csumb.edu" local="129878905470000000" remote="129878905470000000" />
<file name="southsbnms_06_p_03.jpg" server="sep.csumb.edu" local="129878905460000000" remote="129878905460000000" />
<file name="southsbnms_05_p_12.jpg" server="sep.csumb.edu" local="129878905460000000" remote="129878905460000000" />
<file name="southsbnms_02_p_04.jpg" server="sep.csumb.edu" local="129878905470000000" remote="129878905470000000" />
<file name="southsbnms_01_p_05.jpg" server="sep.csumb.edu" local="129878905460000000" remote="129878905460000000" />
<file name="southsbnms_03_p_07.jpg" server="sep.csumb.edu" local="129878905470000000" remote="129878905470000000" />
<file name="southsbnms_06_p_02.jpg" server="sep.csumb.edu" local="129878905460000000" remote="129878905460000000" />
<file name="southsbnms_05_p_06.jpg" server="sep.csumb.edu" local="129878905480000000" remote="129878905480000000" />
<file name="southsbnms_01_p_01.jpg" server="sep.csumb.edu" local="129878905460000000" remote="129878905460000000" />
<file name="southsbnms_05_p_02.jpg" server="sep.csumb.edu" local="129878905470000000" remote="129878905470000000" />
<file name="southsbnms_02_p_02.jpg" server="sep.csumb.edu" local="129878905460000000" remote="129878905460000000" />
<file name="southsbnms_02_p_03.jpg" server="sep.csumb.edu" local="129878905470000000" remote="129878905470000000" />
<file name="southsbnms_04_p_05.jpg" server="sep.csumb.edu" local="129878905470000000" remote="129878905470000000" />
<file name="southsbnms_03_p_04.jpg" server="sep.csumb.edu" local="129878905470000000" remote="129878905470000000" />
<file name="southsbnms_02_p_10.jpg" server="sep.csumb.edu" local="129878905470000000" remote="129878905470000000" />
<file name="southsbnms_05_p_09.jpg" server="sep.csumb.edu" local="129878905480000000" remote="129878905480000000" />
<file name="southsbnms_02_p_08.jpg" server="sep.csumb.edu" local="129878905470000000" remote="129878905470000000" />
<file name="southsbnms_04_p_03.jpg" server="sep.csumb.edu" local="129878905470000000" remote="129878905470000000" />
<file name="southsbnms_03_p_02.jpg" server="sep.csumb.edu" local="129878905470000000" remote="129878905470000000" />
<file name="southsbnms_03_p_03.jpg" server="sep.csumb.edu" local="129878905470000000" remote="129878905470000000" />
<file name="southsbnms_03_p_08.jpg" server="sep.csumb.edu" local="129878905470000000" remote="129878905470000000" />
<file name="southsbnms_05_p_04.jpg" server="sep.csumb.edu" local="129878905470000000" remote="129878905470000000" />
<file name="southsbnms_04_p_07.jpg" server="sep.csumb.edu" local="129878905470000000" remote="129878905470000000" />
<file name="southsbnms_03_p_05.jpg" server="sep.csumb.edu" local="129878905470000000" remote="129878905470000000" />
<file name="southsbnms_04_p_01.jpg" server="sep.csumb.edu" local="129878905470000000" remote="129878905470000000" />
<file name="southsbnms_03_p_11.jpg" server="sep.csumb.edu" local="129878905470000000" remote="129878905470000000" />
<file name="southsbnms_06_p_01.jpg" server="sep.csumb.edu" local="129878905460000000" remote="129878905460000000" />
<file name="southsbnms_03_p_09.jpg" server="sep.csumb.edu" local="129878905470000000" remote="129878905470000000" />
</dwsync>