<?xml version="1.0" encoding="utf-8" ?>
<dwsync>
<file name="loader_black_small.gif" server="sep.csumb.edu" local="129543936000000000" remote="129543936000000000" />
<file name="resizer_custom.gif" server="sep.csumb.edu" local="129543936100000000" remote="129543936100000000" />
<file name="dragger_custom.gif" server="sep.csumb.edu" local="129543935990000000" remote="129543935990000000" />
<file name="overlayPrev_custom.gif" server="sep.csumb.edu" local="129543936070000000" remote="129543936070000000" />
<file name="overlayNext_custom.gif" server="sep.csumb.edu" local="129543936060000000" remote="129543936060000000" />
<file name="newWindow_custom_off.png" server="sep.csumb.edu" local="129543936030000000" remote="129543936030000000" />
<file name="newWindow_custom_on.png" server="sep.csumb.edu" local="129543936030000000" remote="129543936030000000" />
<file name="prev_custom.gif" server="sep.csumb.edu" local="129543936090000000" remote="129543936090000000" />
<file name="next_custom.gif" server="sep.csumb.edu" local="129543936050000000" remote="129543936050000000" />
<file name="play_custom.gif" server="sep.csumb.edu" local="129543936080000000" remote="129543936080000000" />
<file name="pause_custom.gif" server="sep.csumb.edu" local="129543936080000000" remote="129543936080000000" />
<file name="close_custom.gif" server="sep.csumb.edu" local="129543935980000000" remote="129543935980000000" />
<file name="loader_black.gif" server="sep.csumb.edu" local="129543936000000000" remote="129543936000000000" />
<file name="loader_white.gif" server="sep.csumb.edu" local="129543936010000000" remote="129543936010000000" />
<file name="resizer_black.gif" server="sep.csumb.edu" local="129543936100000000" remote="129543936100000000" />
<file name="resizer_white.gif" server="sep.csumb.edu" local="129543936110000000" remote="129543936110000000" />
<file name="resizer_blue.gif" server="sep.csumb.edu" local="129543936100000000" remote="129543936100000000" />
<file name="resizer_yellow.gif" server="sep.csumb.edu" local="129543936110000000" remote="129543936110000000" />
<file name="resizer_red.gif" server="sep.csumb.edu" local="129543936110000000" remote="129543936110000000" />
<file name="dragger_black.gif" server="sep.csumb.edu" local="129543935990000000" remote="129543935990000000" />
<file name="dragger_white.gif" server="sep.csumb.edu" local="129543935990000000" remote="129543935990000000" />
<file name="dragger_blue.gif" server="sep.csumb.edu" local="129543935990000000" remote="129543935990000000" />
<file name="dragger_yellow.gif" server="sep.csumb.edu" local="129543935990000000" remote="129543935990000000" />
<file name="dragger_red.gif" server="sep.csumb.edu" local="129543935990000000" remote="129543935990000000" />
<file name="overlayPrev_black.gif" server="sep.csumb.edu" local="129543936070000000" remote="129543936070000000" />
<file name="overlayNext_black.gif" server="sep.csumb.edu" local="129543936060000000" remote="129543936060000000" />
<file name="overlayPrev_white.gif" server="sep.csumb.edu" local="129543936070000000" remote="129543936070000000" />
<file name="overlayNext_white.gif" server="sep.csumb.edu" local="129543936070000000" remote="129543936070000000" />
<file name="overlayPrev_blue.gif" server="sep.csumb.edu" local="129543936070000000" remote="129543936070000000" />
<file name="overlayNext_blue.gif" server="sep.csumb.edu" local="129543936060000000" remote="129543936060000000" />
<file name="overlayPrev_yellow.gif" server="sep.csumb.edu" local="129543936070000000" remote="129543936070000000" />
<file name="overlayNext_yellow.gif" server="sep.csumb.edu" local="129543936070000000" remote="129543936070000000" />
<file name="overlayPrev_red.gif" server="sep.csumb.edu" local="129543936070000000" remote="129543936070000000" />
<file name="overlayNext_red.gif" server="sep.csumb.edu" local="129543936060000000" remote="129543936060000000" />
<file name="newWindow_black_off.png" server="sep.csumb.edu" local="129543936020000000" remote="129543936020000000" />
<file name="newWindow_black_on.png" server="sep.csumb.edu" local="129543936020000000" remote="129543936020000000" />
<file name="newWindow_white_off.png" server="sep.csumb.edu" local="129543936040000000" remote="129543936040000000" />
<file name="newWindow_white_on.png" server="sep.csumb.edu" local="129543936040000000" remote="129543936040000000" />
<file name="newWindow_blue_off.png" server="sep.csumb.edu" local="129543936030000000" remote="129543936030000000" />
<file name="newWindow_blue_on.png" server="sep.csumb.edu" local="129543936030000000" remote="129543936030000000" />
<file name="newWindow_yellow_off.png" server="sep.csumb.edu" local="129543936040000000" remote="129543936040000000" />
<file name="newWindow_yellow_on.png" server="sep.csumb.edu" local="129543936050000000" remote="129543936050000000" />
<file name="newWindow_red_off.png" server="sep.csumb.edu" local="129543936030000000" remote="129543936030000000" />
<file name="newWindow_red_on.png" server="sep.csumb.edu" local="129543936040000000" remote="129543936040000000" />
<file name="prev_black.gif" server="sep.csumb.edu" local="129543936090000000" remote="129543936090000000" />
<file name="next_black.gif" server="sep.csumb.edu" local="129543936050000000" remote="129543936050000000" />
<file name="prev_white.gif" server="sep.csumb.edu" local="129543936090000000" remote="129543936090000000" />
<file name="next_white.gif" server="sep.csumb.edu" local="129543936060000000" remote="129543936060000000" />
<file name="prev_blue.gif" server="sep.csumb.edu" local="129543936090000000" remote="129543936090000000" />
<file name="next_blue.gif" server="sep.csumb.edu" local="129543936050000000" remote="129543936050000000" />
<file name="prev_yellow.gif" server="sep.csumb.edu" local="129543936100000000" remote="129543936100000000" />
<file name="next_yellow.gif" server="sep.csumb.edu" local="129543936060000000" remote="129543936060000000" />
<file name="prev_red.gif" server="sep.csumb.edu" local="129543936090000000" remote="129543936090000000" />
<file name="next_red.gif" server="sep.csumb.edu" local="129543936050000000" remote="129543936050000000" />
<file name="play_black.gif" server="sep.csumb.edu" local="129543936080000000" remote="129543936080000000" />
<file name="pause_black.gif" server="sep.csumb.edu" local="129543936070000000" remote="129543936070000000" />
<file name="play_white.gif" server="sep.csumb.edu" local="129543936080000000" remote="129543936080000000" />
<file name="pause_white.gif" server="sep.csumb.edu" local="129543936080000000" remote="129543936080000000" />
<file name="play_blue.gif" server="sep.csumb.edu" local="129543936080000000" remote="129543936080000000" />
<file name="pause_blue.gif" server="sep.csumb.edu" local="129543936080000000" remote="129543936080000000" />
<file name="play_yellow.gif" server="sep.csumb.edu" local="129543936090000000" remote="129543936090000000" />
<file name="pause_yellow.gif" server="sep.csumb.edu" local="129543936080000000" remote="129543936080000000" />
<file name="play_red.gif" server="sep.csumb.edu" local="129543936080000000" remote="129543936080000000" />
<file name="pause_red.gif" server="sep.csumb.edu" local="129543936080000000" remote="129543936080000000" />
<file name="close_black.gif" server="sep.csumb.edu" local="129543935980000000" remote="129543935980000000" />
<file name="close_white.gif" server="sep.csumb.edu" local="129543935990000000" remote="129543935990000000" />
<file name="close_blue.gif" server="sep.csumb.edu" local="129543935980000000" remote="129543935980000000" />
<file name="close_yellow.gif" server="sep.csumb.edu" local="129543935990000000" remote="129543935990000000" />
<file name="close_red.gif" server="sep.csumb.edu" local="129543935990000000" remote="129543935990000000" />
<file name="blank.gif" server="sep.csumb.edu" local="129543935980000000" remote="129543935980000000" />
<file name="prev_white_off.gif" server="sep.csumb.edu" local="129543936100000000" remote="129543936100000000" />
<file name="shadowBottom_s16_r8.png" server="sep.csumb.edu" local="129543936120000000" remote="129543936120000000" />
<file name="shadowCorner_s4_r0.png" server="sep.csumb.edu" local="129543936160000000" remote="129543936160000000" />
<file name="next_custom_off.gif" server="sep.csumb.edu" local="129543936050000000" remote="129543936050000000" />
<file name="shadowRight_s12_r4.png" server="sep.csumb.edu" local="129543936210000000" remote="129543936210000000" />
<file name="loader_iframe_blue.html" server="sep.csumb.edu" local="129543936000000000" remote="129543936000000000" />
<file name="loader_iframe_black.html" server="sep.csumb.edu" local="129543936000000000" remote="129543936000000000" />
<file name="shadowTop_s8_r8.png" server="sep.csumb.edu" local="129543936280000000" remote="129543936280000000" />
<file name="resizer_blue_small.gif" server="sep.csumb.edu" local="129543936100000000" remote="129543936100000000" />
<file name="shadowTop_s24_r8.png" server="sep.csumb.edu" local="129543936270000000" remote="129543936270000000" />
<file name="shadowCorner_s12_r8.png" server="sep.csumb.edu" local="129543936150000000" remote="129543936150000000" />
<file name="404.jpg" server="sep.csumb.edu" local="129543935980000000" remote="129543935980000000" />
<file name="shadowRight_s8_r8.png" server="sep.csumb.edu" local="129543936250000000" remote="129543936250000000" />
<file name="shadowLeft_s12_r20.png" server="sep.csumb.edu" local="129543936180000000" remote="129543936180000000" />
<file name="shadowLeft_s8_r12.png" server="sep.csumb.edu" local="129543936200000000" remote="129543936200000000" />
<file name="shadowRight_s4_r20.png" server="sep.csumb.edu" local="129543936240000000" remote="129543936240000000" />
<file name="shadowBottom_s12_r0.png" server="sep.csumb.edu" local="129543936110000000" remote="129543936110000000" />
<file name="shadowTop_s24_r4.png" server="sep.csumb.edu" local="129543936270000000" remote="129543936270000000" />
<file name="shadowTop_s8_r12.png" server="sep.csumb.edu" local="129543936280000000" remote="129543936280000000" />
<file name="shadowCorner_s12_r12.png" server="sep.csumb.edu" local="129543936150000000" remote="129543936150000000" />
<file name="shadowRight_s12_r0.png" server="sep.csumb.edu" local="129543936210000000" remote="129543936210000000" />
<file name="shadowBottom_s12_r4.png" server="sep.csumb.edu" local="129543936120000000" remote="129543936120000000" />
<file name="next_red_off.gif" server="sep.csumb.edu" local="129543936060000000" remote="129543936060000000" />
<file name="shadowLeft_s12_r8.png" server="sep.csumb.edu" local="129543936180000000" remote="129543936180000000" />
<file name="shadowCorner_s8_r12.png" server="sep.csumb.edu" local="129543936170000000" remote="129543936170000000" />
<file name="tabbg-hover.gif" server="sep.csumb.edu" local="129543936290000000" remote="129543936290000000" />
<file name="shadowRight_s8_r4.png" server="sep.csumb.edu" local="129543936250000000" remote="129543936250000000" />
<file name="shadowLeft_s4_r0.png" server="sep.csumb.edu" local="129543936200000000" remote="129543936200000000" />
<file name="shadowRight_s8_r0.png" server="sep.csumb.edu" local="129543936250000000" remote="129543936250000000" />
<file name="shadowBottom_s4_r20.png" server="sep.csumb.edu" local="129543936140000000" remote="129543936140000000" />
<file name="shadowBottom_s8_r20.png" server="sep.csumb.edu" local="129543936140000000" remote="129543936140000000" />
<file name="shadowCorner_s16_r4.png" server="sep.csumb.edu" local="129543936160000000" remote="129543936160000000" />
<file name="shadowBottom_s16_r20.png" server="sep.csumb.edu" local="129543936120000000" remote="129543936120000000" />
<file name="shadowRight_s16_r12.png" server="sep.csumb.edu" local="129543936220000000" remote="129543936220000000" />
<file name="shadowCorner_s4_r8.png" server="sep.csumb.edu" local="129543936170000000" remote="129543936170000000" />
<file name="shadowTop_s4_r8.png" server="sep.csumb.edu" local="129543936280000000" remote="129543936280000000" />
<file name="newWindow_blue_off.gif" server="sep.csumb.edu" local="129543936020000000" remote="129543936020000000" />
<file name="shadowRight_s4_r8.png" server="sep.csumb.edu" local="129543936240000000" remote="129543936240000000" />
<file name="shadowBottom_s12_r20.png" server="sep.csumb.edu" local="129543936120000000" remote="129543936120000000" />
<file name="shadowLeft_s16_r20.png" server="sep.csumb.edu" local="129543936180000000" remote="129543936180000000" />
<file name="resizer_yellow_small.gif" server="sep.csumb.edu" local="129543936110000000" remote="129543936110000000" />
<file name="resizer_red_small.gif" server="sep.csumb.edu" local="129543936110000000" remote="129543936110000000" />
<file name="tabbg-hover.png" server="sep.csumb.edu" local="129543936290000000" remote="129543936290000000" />
<file name="shadowLeft_s8_r8.png" server="sep.csumb.edu" local="129543936210000000" remote="129543936210000000" />
<file name="shadowLeft_s8_r20.png" server="sep.csumb.edu" local="129543936200000000" remote="129543936200000000" />
<file name="shadowRight_s12_r12.png" server="sep.csumb.edu" local="129543936210000000" remote="129543936210000000" />
<file name="shadowBottom_s24_r0.png" server="sep.csumb.edu" local="129543936130000000" remote="129543936130000000" />
<file name="shadowCorner_s16_r8.png" server="sep.csumb.edu" local="129543936160000000" remote="129543936160000000" />
<file name="shadowTop_s24_r20.png" server="sep.csumb.edu" local="129543936270000000" remote="129543936270000000" />
<file name="shadowRight_s24_r8.png" server="sep.csumb.edu" local="129543936240000000" remote="129543936240000000" />
<file name="shadowCorner_s24_r12.png" server="sep.csumb.edu" local="129543936160000000" remote="129543936160000000" />
<file name="shadowCorner_s24_r4.png" server="sep.csumb.edu" local="129543936160000000" remote="129543936160000000" />
<file name="loader_iframe_white.html" server="sep.csumb.edu" local="129543936010000000" remote="129543936010000000" />
<file name="shadowBottom_s24_r8.png" server="sep.csumb.edu" local="129543936130000000" remote="129543936130000000" />
<file name="newWindow_custom_on.gif" server="sep.csumb.edu" local="129543936030000000" remote="129543936030000000" />
<file name="magnify_minus.cur" server="sep.csumb.edu" local="129543936020000000" remote="129543936020000000" />
<file name="shadowRight_s16_r20.png" server="sep.csumb.edu" local="129543936220000000" remote="129543936220000000" />
<file name="tabbg-active.png" server="sep.csumb.edu" local="129543936290000000" remote="129543936290000000" />
<file name="newWindow_yellow_on.gif" server="sep.csumb.edu" local="129543936050000000" remote="129543936050000000" />
<file name="shadowBottom_s24_r20.png" server="sep.csumb.edu" local="129543936130000000" remote="129543936130000000" />
<file name="shadowBottom_s16_r0.png" server="sep.csumb.edu" local="129543936120000000" remote="129543936120000000" />
<file name="shadowLeft_s12_r4.png" server="sep.csumb.edu" local="129543936180000000" remote="129543936180000000" />
<file name="shadowBottom_s4_r4.png" server="sep.csumb.edu" local="129543936140000000" remote="129543936140000000" />
<file name="shadowTop_s16_r20.png" server="sep.csumb.edu" local="129543936260000000" remote="129543936260000000" />
<file name="shadowTop_s12_r0.png" server="sep.csumb.edu" local="129543936250000000" remote="129543936250000000" />
<file name="prev_blue_off.gif" server="sep.csumb.edu" local="129543936090000000" remote="129543936090000000" />
<file name="shadowRight_s12_r8.png" server="sep.csumb.edu" local="129543936210000000" remote="129543936210000000" />
<file name="shadowTop_s24_r12.png" server="sep.csumb.edu" local="129543936270000000" remote="129543936270000000" />
<file name="shadowLeft_s24_r12.png" server="sep.csumb.edu" local="129543936190000000" remote="129543936190000000" />
<file name="next_white_off.gif" server="sep.csumb.edu" local="129543936060000000" remote="129543936060000000" />
<file name="shadowTop_s12_r8.png" server="sep.csumb.edu" local="129543936260000000" remote="129543936260000000" />
<file name="shadowLeft_s16_r12.png" server="sep.csumb.edu" local="129543936180000000" remote="129543936180000000" />
<file name="shadowCorner_s8_r20.png" server="sep.csumb.edu" local="129543936170000000" remote="129543936170000000" />
<file name="resizer_custom_small.gif" server="sep.csumb.edu" local="129543936100000000" remote="129543936100000000" />
<file name="shadowCorner_s12_r20.png" server="sep.csumb.edu" local="129543936150000000" remote="129543936150000000" />
<file name="prev_custom_off.gif" server="sep.csumb.edu" local="129543936090000000" remote="129543936090000000" />
<file name="tabbg-active.gif" server="sep.csumb.edu" local="129543936290000000" remote="129543936290000000" />
<file name="shadowTop_s4_r12.png" server="sep.csumb.edu" local="129543936270000000" remote="129543936270000000" />
<file name="shadowRight_s24_r4.png" server="sep.csumb.edu" local="129543936230000000" remote="129543936230000000" />
<file name="shadowLeft_s8_r0.png" server="sep.csumb.edu" local="129543936200000000" remote="129543936200000000" />
<file name="resizer_black_small.gif" server="sep.csumb.edu" local="129543936100000000" remote="129543936100000000" />
<file name="loader_white_small.gif" server="sep.csumb.edu" local="129543936020000000" remote="129543936020000000" />
<file name="shadowCorner_s8_r4.png" server="sep.csumb.edu" local="129543936170000000" remote="129543936170000000" />
<file name="shadowBottom_s16_r12.png" server="sep.csumb.edu" local="129543936120000000" remote="129543936120000000" />
<file name="newWindow_white_off.gif" server="sep.csumb.edu" local="129543936040000000" remote="129543936040000000" />
<file name="next_black_off.gif" server="sep.csumb.edu" local="129543936050000000" remote="129543936050000000" />
<file name="shadowBottom_s4_r8.png" server="sep.csumb.edu" local="129543936140000000" remote="129543936140000000" />
<file name="shadowTop_s16_r4.png" server="sep.csumb.edu" local="129543936260000000" remote="129543936260000000" />
<file name="shadowBottom_s4_r12.png" server="sep.csumb.edu" local="129543936140000000" remote="129543936140000000" />
<file name="newWindow_red_on.gif" server="sep.csumb.edu" local="129543936040000000" remote="129543936040000000" />
<file name="newWindow_black_off.gif" server="sep.csumb.edu" local="129543936020000000" remote="129543936020000000" />
<file name="shadowRight_s12_r20.png" server="sep.csumb.edu" local="129543936210000000" remote="129543936210000000" />
<file name="shadowBottom_s4_r0.png" server="sep.csumb.edu" local="129543936130000000" remote="129543936130000000" />
<file name="resizer_white_small.gif" server="sep.csumb.edu" local="129543936110000000" remote="129543936110000000" />
<file name="shadowRight_s16_r0.png" server="sep.csumb.edu" local="129543936220000000" remote="129543936220000000" />
<file name="prev_red_off.gif" server="sep.csumb.edu" local="129543936090000000" remote="129543936090000000" />
<file name="next_blue_off.gif" server="sep.csumb.edu" local="129543936050000000" remote="129543936050000000" />
<file name="shadowTop_s4_r4.png" server="sep.csumb.edu" local="129543936280000000" remote="129543936280000000" />
<file name="shadowLeft_s24_r0.png" server="sep.csumb.edu" local="129543936190000000" remote="129543936190000000" />
<file name="prev_black_off.gif" server="sep.csumb.edu" local="129543936090000000" remote="129543936090000000" />
<file name="tabbg.png" server="sep.csumb.edu" local="129543936290000000" remote="129543936290000000" />
<file name="tabbg.gif" server="sep.csumb.edu" local="129543936290000000" remote="129543936290000000" />
<file name="shadowTop_s12_r12.png" server="sep.csumb.edu" local="129543936250000000" remote="129543936250000000" />
<file name="shadowRight_s4_r4.png" server="sep.csumb.edu" local="129543936240000000" remote="129543936240000000" />
<file name="shadowRight_s16_r4.png" server="sep.csumb.edu" local="129543936220000000" remote="129543936220000000" />
<file name="shadowBottom_s24_r4.png" server="sep.csumb.edu" local="129543936130000000" remote="129543936130000000" />
<file name="shadowTop_s8_r0.png" server="sep.csumb.edu" local="129543936280000000" remote="129543936280000000" />
<file name="shadowLeft_s24_r8.png" server="sep.csumb.edu" local="129543936190000000" remote="129543936190000000" />
<file name="shadowBottom_s24_r12.png" server="sep.csumb.edu" local="129543936130000000" remote="129543936130000000" />
<file name="newWindow_red_off.gif" server="sep.csumb.edu" local="129543936030000000" remote="129543936030000000" />
<file name="shadowRight_s8_r12.png" server="sep.csumb.edu" local="129543936250000000" remote="129543936250000000" />
<file name="newWindow_blue_on.gif" server="sep.csumb.edu" local="129543936030000000" remote="129543936030000000" />
<file name="shadowTop_s8_r20.png" server="sep.csumb.edu" local="129543936280000000" remote="129543936280000000" />
<file name="shadowLeft_s16_r0.png" server="sep.csumb.edu" local="129543936180000000" remote="129543936180000000" />
<file name="shadowLeft_s4_r4.png" server="sep.csumb.edu" local="129543936200000000" remote="129543936200000000" />
<file name="next_yellow_off.gif" server="sep.csumb.edu" local="129543936060000000" remote="129543936060000000" />
<file name="shadowCorner_s12_r0.png" server="sep.csumb.edu" local="129543936150000000" remote="129543936150000000" />
<file name="shadowLeft_s12_r0.png" server="sep.csumb.edu" local="129543936170000000" remote="129543936170000000" />
<file name="shadowRight_s4_r12.png" server="sep.csumb.edu" local="129543936240000000" remote="129543936240000000" />
<file name="shadowTop_s4_r20.png" server="sep.csumb.edu" local="129543936280000000" remote="129543936280000000" />
<file name="shadowBottom_s8_r0.png" server="sep.csumb.edu" local="129543936140000000" remote="129543936140000000" />
<file name="newWindow_yellow_off.gif" server="sep.csumb.edu" local="129543936040000000" remote="129543936040000000" />
<file name="shadowLeft_s4_r20.png" server="sep.csumb.edu" local="129543936200000000" remote="129543936200000000" />
<file name="shadowTop_s8_r4.png" server="sep.csumb.edu" local="129543936280000000" remote="129543936280000000" />
<file name="shadowRight_s24_r0.png" server="sep.csumb.edu" local="129543936230000000" remote="129543936230000000" />
<file name="shadowCorner_s16_r20.png" server="sep.csumb.edu" local="129543936150000000" remote="129543936150000000" />
<file name="shadowLeft_s16_r8.png" server="sep.csumb.edu" local="129543936190000000" remote="129543936190000000" />
<file name="shadowBottom_s8_r4.png" server="sep.csumb.edu" local="129543936140000000" remote="129543936140000000" />
<file name="shadowBottom_s12_r8.png" server="sep.csumb.edu" local="129543936120000000" remote="129543936120000000" />
<file name="shadowRight_s24_r12.png" server="sep.csumb.edu" local="129543936230000000" remote="129543936230000000" />
<file name="shadowRight_s8_r20.png" server="sep.csumb.edu" local="129543936250000000" remote="129543936250000000" />
<file name="shadowLeft_s24_r20.png" server="sep.csumb.edu" local="129543936190000000" remote="129543936190000000" />
<file name="shadowTop_s16_r0.png" server="sep.csumb.edu" local="129543936260000000" remote="129543936260000000" />
<file name="shadowTop_s16_r12.png" server="sep.csumb.edu" local="129543936260000000" remote="129543936260000000" />
<file name="shadowCorner_s24_r20.png" server="sep.csumb.edu" local="129543936160000000" remote="129543936160000000" />
<file name="shadowCorner_s4_r4.png" server="sep.csumb.edu" local="129543936170000000" remote="129543936170000000" />
<file name="loader_iframe_custom.html" server="sep.csumb.edu" local="129543936010000000" remote="129543936010000000" />
<file name="shadowCorner_s12_r4.png" server="sep.csumb.edu" local="129543936150000000" remote="129543936150000000" />
<file name="shadowBottom_s12_r12.png" server="sep.csumb.edu" local="129543936110000000" remote="129543936110000000" />
<file name="shadowRight_s24_r20.png" server="sep.csumb.edu" local="129543936230000000" remote="129543936230000000" />
<file name="shadowTop_s12_r4.png" server="sep.csumb.edu" local="129543936260000000" remote="129543936260000000" />
<file name="shadowCorner_s24_r0.png" server="sep.csumb.edu" local="129543936160000000" remote="129543936160000000" />
<file name="shadowBottom_s8_r12.png" server="sep.csumb.edu" local="129543936140000000" remote="129543936140000000" />
<file name="shadowBottom_s8_r8.png" server="sep.csumb.edu" local="129543936150000000" remote="129543936150000000" />
<file name="newWindow_custom_off.gif" server="sep.csumb.edu" local="129543936030000000" remote="129543936030000000" />
<file name="loader_iframe_red.html" server="sep.csumb.edu" local="129543936010000000" remote="129543936010000000" />
<file name="shadowTop_s24_r0.png" server="sep.csumb.edu" local="129543936270000000" remote="129543936270000000" />
<file name="loader_iframe_yellow.html" server="sep.csumb.edu" local="129543936010000000" remote="129543936010000000" />
<file name="shadowCorner_s16_r12.png" server="sep.csumb.edu" local="129543936150000000" remote="129543936150000000" />
<file name="prev_yellow_off.gif" server="sep.csumb.edu" local="129543936100000000" remote="129543936100000000" />
<file name="shadowLeft_s24_r4.png" server="sep.csumb.edu" local="129543936190000000" remote="129543936190000000" />
<file name="shadowLeft_s4_r8.png" server="sep.csumb.edu" local="129543936200000000" remote="129543936200000000" />
<file name="shadowBottom_s16_r4.png" server="sep.csumb.edu" local="129543936120000000" remote="129543936120000000" />
<file name="shadowTop_s4_r0.png" server="sep.csumb.edu" local="129543936270000000" remote="129543936270000000" />
<file name="shadowTop_s16_r8.png" server="sep.csumb.edu" local="129543936260000000" remote="129543936260000000" />
<file name="shadowLeft_s8_r4.png" server="sep.csumb.edu" local="129543936200000000" remote="129543936200000000" />
<file name="shadowCorner_s24_r8.png" server="sep.csumb.edu" local="129543936160000000" remote="129543936160000000" />
<file name="shadowTop_s12_r20.png" server="sep.csumb.edu" local="129543936260000000" remote="129543936260000000" />
<file name="shadowLeft_s12_r12.png" server="sep.csumb.edu" local="129543936180000000" remote="129543936180000000" />
<file name="shadowRight_s4_r0.png" server="sep.csumb.edu" local="129543936240000000" remote="129543936240000000" />
<file name="newWindow_white_on.gif" server="sep.csumb.edu" local="129543936040000000" remote="129543936040000000" />
<file name="magnify_plus.cur" server="sep.csumb.edu" local="129543936020000000" remote="129543936020000000" />
<file name="shadowLeft_s16_r4.png" server="sep.csumb.edu" local="129543936180000000" remote="129543936180000000" />
<file name="shadowCorner_s8_r8.png" server="sep.csumb.edu" local="129543936170000000" remote="129543936170000000" />
<file name="newWindow_black_on.gif" server="sep.csumb.edu" local="129543936020000000" remote="129543936020000000" />
<file name="shadowRight_s16_r8.png" server="sep.csumb.edu" local="129543936220000000" remote="129543936220000000" />
<file name="shadowLeft_s4_r12.png" server="sep.csumb.edu" local="129543936200000000" remote="129543936200000000" />
<file name="shadowCorner_s4_r12.png" server="sep.csumb.edu" local="129543936160000000" remote="129543936160000000" />
<file name="shadowCorner_s16_r0.png" server="sep.csumb.edu" local="129543936150000000" remote="129543936150000000" />
<file name="shadowCorner_s8_r0.png" server="sep.csumb.edu" local="129543936170000000" remote="129543936170000000" />
<file name="shadowCorner_s4_r20.png" server="sep.csumb.edu" local="129543936170000000" remote="129543936170000000" />
</dwsync>