<?xml version="1.0" encoding="utf-8" ?>
<dwsync>
<file name="lopezpoint_06_p_02.jpg" server="sep.csumb.edu" local="129881465610000000" remote="129881465610000000" />
<file name="lopezpoint_01_p_02.jpg" server="sep.csumb.edu" local="129881465610000000" remote="129881465610000000" />
<file name="lopezpoint_06_p_01.jpg" server="sep.csumb.edu" local="129881465610000000" remote="129881465610000000" />
<file name="lopezpoint_03_p_01.jpg" server="sep.csumb.edu" local="129881465610000000" remote="129881465610000000" />
<file name="lopezpoint_05_p_02.jpg" server="sep.csumb.edu" local="129881465610000000" remote="129881465610000000" />
<file name="lopezpoint_C15_T1_p_01.jpg" server="sep.csumb.edu" local="129640623020000000" remote="129640623020000000" />
<file name="lopezpoint_C15_T1_p_02.jpg" server="sep.csumb.edu" local="129640623020000000" remote="129640623020000000" />
<file name="lopezpoint_02_p_01.jpg" server="sep.csumb.edu" local="129881465610000000" remote="129881465610000000" />
<file name="lopezpoint_04_p_01.jpg" server="sep.csumb.edu" local="129881465610000000" remote="129881465610000000" />
<file name="lopezpoint_C16_T1_p_01.jpg" server="sep.csumb.edu" local="129640623020000000" remote="129640623020000000" />
<file name="lopezpoint_05_p_01.jpg" server="sep.csumb.edu" local="129881465610000000" remote="129881465610000000" />
<file name="lopezpoint_01_p_01.jpg" server="sep.csumb.edu" local="129879126670000000" remote="129879126670000000" />
</dwsync>