<?xml version="1.0" encoding="utf-8" ?>
<dwsync>
<file name="northsbnms_06_p_08.jpg" server="sep.csumb.edu" local="129878905120000000" remote="129878905120000000" />
<file name="northsbnms_08_p_06.jpg" server="sep.csumb.edu" local="129878905120000000" remote="129878905120000000" />
<file name="northsbnms_04_p_03.jpg" server="sep.csumb.edu" local="129878905110000000" remote="129878905110000000" />
<file name="northsbnms_02_p_05.jpg" server="sep.csumb.edu" local="129878905110000000" remote="129878905110000000" />
<file name="northsbnms_05_p_02.jpg" server="sep.csumb.edu" local="129878905110000000" remote="129878905110000000" />
<file name="northsbnms_06_p_05.jpg" server="sep.csumb.edu" local="129878905120000000" remote="129878905120000000" />
<file name="northsbnms_02_p_09.jpg" server="sep.csumb.edu" local="129878905110000000" remote="129878905110000000" />
<file name="northsbnms_05_p_03.jpg" server="sep.csumb.edu" local="129878905110000000" remote="129878905110000000" />
<file name="northsbnms_10_p_12.jpg" server="sep.csumb.edu" local="129878905130000000" remote="129878905130000000" />
<file name="northsbnms_05_p_06.jpg" server="sep.csumb.edu" local="129878905110000000" remote="129878905110000000" />
<file name="northsbnms_06_p_06.jpg" server="sep.csumb.edu" local="129878905120000000" remote="129878905120000000" />
<file name="northsbnms_01_p_04.jpg" server="sep.csumb.edu" local="129878905110000000" remote="129878905110000000" />
<file name="northsbnms_06_p_03.jpg" server="sep.csumb.edu" local="129878905110000000" remote="129878905110000000" />
<file name="northsbnms_03_p_13.jpg" server="sep.csumb.edu" local="129878905110000000" remote="129878905110000000" />
<file name="northsbnms_10_p_04.jpg" server="sep.csumb.edu" local="129878905130000000" remote="129878905130000000" />
<file name="northsbnms_06_p_09.jpg" server="sep.csumb.edu" local="129878905120000000" remote="129878905120000000" />
<file name="northsbnms_10_p_06.jpg" server="sep.csumb.edu" local="129878905130000000" remote="129878905130000000" />
<file name="northsbnms_03_p_06.jpg" server="sep.csumb.edu" local="129878905110000000" remote="129878905110000000" />
<file name="northsbnms_03_p_08.jpg" server="sep.csumb.edu" local="129878905110000000" remote="129878905110000000" />
<file name="northsbnms_08_p_05.jpg" server="sep.csumb.edu" local="129878905120000000" remote="129878905120000000" />
<file name="northsbnms_10_p_01.jpg" server="sep.csumb.edu" local="129878905130000000" remote="129878905130000000" />
<file name="northsbnms_10_p_05.jpg" server="sep.csumb.edu" local="129878905130000000" remote="129878905130000000" />
<file name="northsbnms_05_p_01.jpg" server="sep.csumb.edu" local="129878905110000000" remote="129878905110000000" />
<file name="northsbnms_01_p_06.jpg" server="sep.csumb.edu" local="129878905110000000" remote="129878905110000000" />
<file name="northsbnms_06_p_07.jpg" server="sep.csumb.edu" local="129878905120000000" remote="129878905120000000" />
<file name="northsbnms_08_p_08.jpg" server="sep.csumb.edu" local="129878905120000000" remote="129878905120000000" />
<file name="northsbnms_10_p_07.jpg" server="sep.csumb.edu" local="129878905130000000" remote="129878905130000000" />
<file name="northsbnms_10_p_03.jpg" server="sep.csumb.edu" local="129878905130000000" remote="129878905130000000" />
<file name="northsbnms_02_p_02.jpg" server="sep.csumb.edu" local="129878905110000000" remote="129878905110000000" />
<file name="northsbnms_10_p_02.jpg" server="sep.csumb.edu" local="129878905130000000" remote="129878905130000000" />
<file name="northsbnms_08_p_02.jpg" server="sep.csumb.edu" local="129878905120000000" remote="129878905120000000" />
<file name="northsbnms_10_p_09.jpg" server="sep.csumb.edu" local="129878905130000000" remote="129878905130000000" />
<file name="northsbnms_07_p_04.jpg" server="sep.csumb.edu" local="129878905120000000" remote="129878905120000000" />
<file name="northsbnms_03_p_03.jpg" server="sep.csumb.edu" local="129878905110000000" remote="129878905110000000" />
<file name="northsbnms_09_p_07.jpg" server="sep.csumb.edu" local="129878905130000000" remote="129878905130000000" />
<file name="northsbnms_08_p_09.jpg" server="sep.csumb.edu" local="129878905120000000" remote="129878905120000000" />
<file name="northsbnms_02_p_03.jpg" server="sep.csumb.edu" local="129878905110000000" remote="129878905110000000" />
<file name="northsbnms_02_p_08.jpg" server="sep.csumb.edu" local="129878905110000000" remote="129878905110000000" />
<file name="northsbnms_07_p_01.jpg" server="sep.csumb.edu" local="129878905120000000" remote="129878905120000000" />
<file name="northsbnms_08_p_10.jpg" server="sep.csumb.edu" local="129878905120000000" remote="129878905120000000" />
<file name="northsbnms_06_p_04.jpg" server="sep.csumb.edu" local="129878905120000000" remote="129878905120000000" />
<file name="northsbnms_08_p_04.jpg" server="sep.csumb.edu" local="129878905120000000" remote="129878905120000000" />
<file name="northsbnms_01_p_07.jpg" server="sep.csumb.edu" local="129878905110000000" remote="129878905110000000" />
<file name="northsbnms_01_p_01.jpg" server="sep.csumb.edu" local="129878905100000000" remote="129878905100000000" />
<file name="northsbnms_10_p_08.jpg" server="sep.csumb.edu" local="129878905130000000" remote="129878905130000000" />
<file name="northsbnms_01_p_05.jpg" server="sep.csumb.edu" local="129878905110000000" remote="129878905110000000" />
<file name="northsbnms_03_p_02.jpg" server="sep.csumb.edu" local="129878905110000000" remote="129878905110000000" />
<file name="northsbnms_09_p_05.jpg" server="sep.csumb.edu" local="129878905130000000" remote="129878905130000000" />
<file name="northsbnms_02_p_04.jpg" server="sep.csumb.edu" local="129878905110000000" remote="129878905110000000" />
<file name="northsbnms_03_p_10.jpg" server="sep.csumb.edu" local="129878905110000000" remote="129878905110000000" />
<file name="northsbnms_05_p_04.jpg" server="sep.csumb.edu" local="129878905110000000" remote="129878905110000000" />
<file name="northsbnms_09_p_04.jpg" server="sep.csumb.edu" local="129878905120000000" remote="129878905120000000" />
<file name="northsbnms_03_p_09.jpg" server="sep.csumb.edu" local="129878905110000000" remote="129878905110000000" />
<file name="northsbnms_02_p_06.jpg" server="sep.csumb.edu" local="129878905110000000" remote="129878905110000000" />
<file name="northsbnms_02_p_01.jpg" server="sep.csumb.edu" local="129878905110000000" remote="129878905110000000" />
<file name="northsbnms_07_p_08.jpg" server="sep.csumb.edu" local="129878905120000000" remote="129878905120000000" />
<file name="northsbnms_09_p_03.jpg" server="sep.csumb.edu" local="129878905120000000" remote="129878905120000000" />
<file name="northsbnms_07_p_03.jpg" server="sep.csumb.edu" local="129878905120000000" remote="129878905120000000" />
<file name="northsbnms_08_p_03.jpg" server="sep.csumb.edu" local="129878905120000000" remote="129878905120000000" />
<file name="northsbnms_06_p_01.jpg" server="sep.csumb.edu" local="129878905110000000" remote="129878905110000000" />
<file name="northsbnms_09_p_08.jpg" server="sep.csumb.edu" local="129878905130000000" remote="129878905130000000" />
<file name="northsbnms_09_p_01.jpg" server="sep.csumb.edu" local="129878905120000000" remote="129878905120000000" />
<file name="northsbnms_10_p_14.jpg" server="sep.csumb.edu" local="129878905100000000" remote="129878905100000000" />
<file name="northsbnms_05_p_05.jpg" server="sep.csumb.edu" local="129878905110000000" remote="129878905110000000" />
<file name="northsbnms_03_p_05.jpg" server="sep.csumb.edu" local="129878905110000000" remote="129878905110000000" />
<file name="northsbnms_10_p_11.jpg" server="sep.csumb.edu" local="129878905130000000" remote="129878905130000000" />
<file name="northsbnms_04_p_01.jpg" server="sep.csumb.edu" local="129878905110000000" remote="129878905110000000" />
<file name="northsbnms_07_p_05.jpg" server="sep.csumb.edu" local="129878905120000000" remote="129878905120000000" />
<file name="northsbnms_03_p_12.jpg" server="sep.csumb.edu" local="129878905110000000" remote="129878905110000000" />
<file name="northsbnms_08_p_01.jpg" server="sep.csumb.edu" local="129878905120000000" remote="129878905120000000" />
<file name="northsbnms_08_p_11.jpg" server="sep.csumb.edu" local="129878905120000000" remote="129878905120000000" />
<file name="northsbnms_07_p_02.jpg" server="sep.csumb.edu" local="129878905120000000" remote="129878905120000000" />
<file name="northsbnms_03_p_04.jpg" server="sep.csumb.edu" local="129878905110000000" remote="129878905110000000" />
<file name="northsbnms_08_p_07.jpg" server="sep.csumb.edu" local="129878905120000000" remote="129878905120000000" />
<file name="northsbnms_10_p_13.jpg" server="sep.csumb.edu" local="129878905100000000" remote="129878905100000000" />
<file name="northsbnms_07_p_06.jpg" server="sep.csumb.edu" local="129878905120000000" remote="129878905120000000" />
<file name="northsbnms_03_p_01.jpg" server="sep.csumb.edu" local="129878905110000000" remote="129878905110000000" />
<file name="northsbnms_07_p_09.jpg" server="sep.csumb.edu" local="129878905120000000" remote="129878905120000000" />
<file name="northsbnms_03_p_07.jpg" server="sep.csumb.edu" local="129878905110000000" remote="129878905110000000" />
<file name="northsbnms_09_p_02.jpg" server="sep.csumb.edu" local="129878905120000000" remote="129878905120000000" />
<file name="northsbnms_10_p_10.jpg" server="sep.csumb.edu" local="129878905130000000" remote="129878905130000000" />
<file name="northsbnms_02_p_07.jpg" server="sep.csumb.edu" local="129878905110000000" remote="129878905110000000" />
<file name="northsbnms_06_p_02.jpg" server="sep.csumb.edu" local="129878905110000000" remote="129878905110000000" />
<file name="northsbnms_04_p_02.jpg" server="sep.csumb.edu" local="129878905110000000" remote="129878905110000000" />
<file name="northsbnms_05_p_07.jpg" server="sep.csumb.edu" local="129878905110000000" remote="129878905110000000" />
<file name="northsbnms_06_p_10.jpg" server="sep.csumb.edu" local="129878905120000000" remote="129878905120000000" />
<file name="northsbnms_03_p_11.jpg" server="sep.csumb.edu" local="129878905110000000" remote="129878905110000000" />
<file name="northsbnms_01_p_02.jpg" server="sep.csumb.edu" local="129878905100000000" remote="129878905100000000" />
<file name="northsbnms_01_p_03.jpg" server="sep.csumb.edu" local="129878905100000000" remote="129878905100000000" />
<file name="northsbnms_09_p_06.jpg" server="sep.csumb.edu" local="129878905130000000" remote="129878905130000000" />
<file name="northsbnms_07_p_07.jpg" server="sep.csumb.edu" local="129878905120000000" remote="129878905120000000" />
<file name="northsbnms_09_p_09.jpg" server="sep.csumb.edu" local="129878905130000000" remote="129878905130000000" />
</dwsync>