<?xml version="1.0" encoding="utf-8" ?>
<dwsync>
<file name="explore.png" server="sep.csumb.edu" local="129544917060000000" remote="129544917060000000" />
<file name="map.png" server="sep.csumb.edu" local="129608862970000000" remote="129608862970000000" />
<file name="scid_header.png" server="sep.csumb.edu" local="129620959610000000" remote="129620959610000000" />
<file name="explore_header.png" server="sep.csumb.edu" local="129544917060000000" remote="129544917060000000" />
<file name="text.png" server="sep.csumb.edu" local="129544917130000000" remote="129544917130000000" />
<file name="start_button.png" server="sep.csumb.edu" local="129544917120000000" remote="129544917120000000" />
<file name="learn_button.png" server="sep.csumb.edu" local="129544917070000000" remote="129544917070000000" />
<file name="ifame_logo.png" server="sep.csumb.edu" local="129544930350000000" remote="129544930350000000" />
<file name="nms_logo.png" server="sep.csumb.edu" local="129544917090000000" remote="129544917090000000" />
<file name="SCID_Background.jpg" server="sep.csumb.edu" local="129608849990000000" remote="129608849990000000" />
<file name="new_maps.png" server="sep.csumb.edu" local="129900115670000000" remote="129900115670000000" />
<file name="new_scid_header.png" server="sep.csumb.edu" local="129900115900000000" remote="129900115900000000" />
<file name="new_explore_header.png" server="sep.csumb.edu" local="129900115290000000" remote="129900115290000000" />
<file name="new_startSCIDwest.png" server="sep.csumb.edu" local="129900115940000000" remote="129900115940000000" />
<file name="new_startSCIDeast.png" server="sep.csumb.edu" local="129900115910000000" remote="129900115910000000" />
<file name="new_learnSCID.png" server="sep.csumb.edu" local="129900115530000000" remote="129900115530000000" />
<file name="new_ifame_logo.png" server="sep.csumb.edu" local="129900115430000000" remote="129900115430000000" />
<file name="new_nms_logo.png" server="sep.csumb.edu" local="129900115890000000" remote="129900115890000000" />
<file name="new_SCID_Background.jpg" server="sep.csumb.edu" local="129900116080000000" remote="129900116080000000" />
<file name="scid_header2.png" server="sep.csumb.edu" local="129544917120000000" remote="129544917120000000" />
<file name="bg_1x1t.png" server="sep.csumb.edu" local="129544917060000000" remote="129544917060000000" />
<file name="map.jpg" server="sep.csumb.edu" local="129544917080000000" remote="129544917080000000" />
<file name="scid_header_del.png" server="sep.csumb.edu" local="129608875680000000" remote="129608875680000000" />
</dwsync>