<?xml version="1.0" encoding="utf-8" ?>
<dwsync>
<file name="shalebeds_01_p_03.jpg" server="sep.csumb.edu" local="129869584790000000" remote="129869584790000000" />
<file name="RSD_04_p_02.jpg" server="sep.csumb.edu" local="129877419100000000" remote="129877419100000000" />
<file name="portuguese_15_p_04.jpg" server="sep.csumb.edu" local="129869584790000000" remote="129869584790000000" />
<file name="shalebeds_04_p_02.jpg" server="sep.csumb.edu" local="129869584790000000" remote="129869584790000000" />
<file name="RSD_01_p_02.jpg" server="sep.csumb.edu" local="129877419100000000" remote="129877419100000000" />
<file name="shalebeds_02_p_07.jpg" server="sep.csumb.edu" local="129869584790000000" remote="129869584790000000" />
<file name="shalebeds_02_p_06.jpg" server="sep.csumb.edu" local="129869584790000000" remote="129869584790000000" />
<file name="portuguese_08_p_02.jpg" server="sep.csumb.edu" local="129869584780000000" remote="129869584780000000" />
<file name="RSD_03_p_02.jpg" server="sep.csumb.edu" local="129877419100000000" remote="129877419100000000" />
<file name="portuguese_06_p_01.jpg" server="sep.csumb.edu" local="129869584780000000" remote="129869584780000000" />
<file name="portuguese_15_p_01.jpg" server="sep.csumb.edu" local="129869584780000000" remote="129869584780000000" />
<file name="portuguese_12_p_01.jpg" server="sep.csumb.edu" local="129869584780000000" remote="129869584780000000" />
<file name="shalebeds_02_p_04.jpg" server="sep.csumb.edu" local="129869584790000000" remote="129869584790000000" />
<file name="RSD_04_p_01.jpg" server="sep.csumb.edu" local="129877419100000000" remote="129877419100000000" />
<file name="portuguese_13_p_01.jpg" server="sep.csumb.edu" local="129869584780000000" remote="129869584780000000" />
<file name="portuguese_03_p_01.jpg" server="sep.csumb.edu" local="129869584780000000" remote="129869584780000000" />
<file name="portuguese_51_p_01.jpg" server="sep.csumb.edu" local="129869584790000000" remote="129869584790000000" />
<file name="portuguese_12_p_07.jpg" server="sep.csumb.edu" local="129869584780000000" remote="129869584780000000" />
<file name="portuguese_87_p_01.jpg" server="sep.csumb.edu" local="129869584790000000" remote="129869584790000000" />
<file name="portuguese_15_p_02.jpg" server="sep.csumb.edu" local="129869584780000000" remote="129869584780000000" />
<file name="portuguese_58_p_01.jpg" server="sep.csumb.edu" local="129869584790000000" remote="129869584790000000" />
<file name="RSD_02_p_03.jpg" server="sep.csumb.edu" local="129877419100000000" remote="129877419100000000" />
<file name="portuguese_07_p_03.jpg" server="sep.csumb.edu" local="129869584780000000" remote="129869584780000000" />
<file name="portuguese_14_p_02.jpg" server="sep.csumb.edu" local="129869584780000000" remote="129869584780000000" />
<file name="portuguese_07_p_02.jpg" server="sep.csumb.edu" local="129869584780000000" remote="129869584780000000" />
<file name="shalebeds_03_p_01.jpg" server="sep.csumb.edu" local="129869584790000000" remote="129869584790000000" />
<file name="SouthBay_02_p_01.jpg" server="sep.csumb.edu" local="129877419100000000" remote="129877419100000000" />
<file name="portuguese_19_p_01.jpg" server="sep.csumb.edu" local="129869584790000000" remote="129869584790000000" />
<file name="shalebeds_03_p_02.jpg" server="sep.csumb.edu" local="129869584790000000" remote="129869584790000000" />
<file name="SouthBay_02_p_02.jpg" server="sep.csumb.edu" local="129877419100000000" remote="129877419100000000" />
<file name="RSD_03_p_03.jpg" server="sep.csumb.edu" local="129877419100000000" remote="129877419100000000" />
<file name="portuguese_09_p_01.jpg" server="sep.csumb.edu" local="129869584780000000" remote="129869584780000000" />
<file name="portuguese_04_p_02.jpg" server="sep.csumb.edu" local="129869584780000000" remote="129869584780000000" />
<file name="portuguese_04_p_01.jpg" server="sep.csumb.edu" local="129869584780000000" remote="129869584780000000" />
<file name="shalebeds_04_p_03.jpg" server="sep.csumb.edu" local="129869584790000000" remote="129869584790000000" />
<file name="portuguese_14_p_01.jpg" server="sep.csumb.edu" local="129869584780000000" remote="129869584780000000" />
<file name="RSD_06_p_02.jpg" server="sep.csumb.edu" local="129877419100000000" remote="129877419100000000" />
<file name="RSD_04_p_03.jpg" server="sep.csumb.edu" local="129877419100000000" remote="129877419100000000" />
<file name="portuguese_115_p_02.jpg" server="sep.csumb.edu" local="129869584780000000" remote="129869584780000000" />
<file name="RSD_05_p_01.jpg" server="sep.csumb.edu" local="129877419100000000" remote="129877419100000000" />
<file name="RSD_05_p_02.jpg" server="sep.csumb.edu" local="129877419100000000" remote="129877419100000000" />
<file name="portuguese_10_p_01.jpg" server="sep.csumb.edu" local="129869584780000000" remote="129869584780000000" />
<file name="portuguese_94_p_01.jpg" server="sep.csumb.edu" local="129869584790000000" remote="129869584790000000" />
<file name="RSD_11_p_03.jpg" server="sep.csumb.edu" local="129877419100000000" remote="129877419100000000" />
<file name="RSD_01_p_03.jpg" server="sep.csumb.edu" local="129877419100000000" remote="129877419100000000" />
<file name="RSD_06_p_01.jpg" server="sep.csumb.edu" local="129877419100000000" remote="129877419100000000" />
<file name="SouthBay_03_p_01.jpg" server="sep.csumb.edu" local="129877419100000000" remote="129877419100000000" />
<file name="RSD_01_p_01.jpg" server="sep.csumb.edu" local="129877419100000000" remote="129877419100000000" />
<file name="portuguese_18_p_01.jpg" server="sep.csumb.edu" local="129869584790000000" remote="129869584790000000" />
<file name="RSD_11_p_02.jpg" server="sep.csumb.edu" local="129877419100000000" remote="129877419100000000" />
<file name="RSD_02_p_02.jpg" server="sep.csumb.edu" local="129877419100000000" remote="129877419100000000" />
<file name="portuguese_12_p_04.jpg" server="sep.csumb.edu" local="129869584780000000" remote="129869584780000000" />
<file name="RSD_05_p_03.jpg" server="sep.csumb.edu" local="129877419100000000" remote="129877419100000000" />
<file name="RSD_05_p_05.jpg" server="sep.csumb.edu" local="129877419100000000" remote="129877419100000000" />
<file name="portuguese_36_p_01.jpg" server="sep.csumb.edu" local="129869584790000000" remote="129869584790000000" />
<file name="portuguese_12_p_05.jpg" server="sep.csumb.edu" local="129869584780000000" remote="129869584780000000" />
<file name="shalebeds_02_p_05.jpg" server="sep.csumb.edu" local="129869584790000000" remote="129869584790000000" />
<file name="portuguese_11_p_01.jpg" server="sep.csumb.edu" local="129869584780000000" remote="129869584780000000" />
<file name="RSD_09_p_01.jpg" server="sep.csumb.edu" local="129877419100000000" remote="129877419100000000" />
<file name="portuguese_27_p_01.jpg" server="sep.csumb.edu" local="129869584790000000" remote="129869584790000000" />
<file name="portuguese_02_p_01.jpg" server="sep.csumb.edu" local="129869584780000000" remote="129869584780000000" />
<file name="RSD_05_p_06.jpg" server="sep.csumb.edu" local="129877419100000000" remote="129877419100000000" />
<file name="RSD_05_p_04.jpg" server="sep.csumb.edu" local="129877419100000000" remote="129877419100000000" />
<file name="shalebeds_03_p_03.jpg" server="sep.csumb.edu" local="129869584790000000" remote="129869584790000000" />
<file name="portuguese_34_p_01.jpg" server="sep.csumb.edu" local="129869584790000000" remote="129869584790000000" />
<file name="portuguese_33_p_01.jpg" server="sep.csumb.edu" local="129869584790000000" remote="129869584790000000" />
<file name="portuguese_43_p_01.jpg" server="sep.csumb.edu" local="129869584790000000" remote="129869584790000000" />
<file name="portuguese_75_p_01.jpg" server="sep.csumb.edu" local="129869584790000000" remote="129869584790000000" />
<file name="RSD_06_p_03.jpg" server="sep.csumb.edu" local="129877419100000000" remote="129877419100000000" />
<file name="RSD_03_p_01.jpg" server="sep.csumb.edu" local="129877419100000000" remote="129877419100000000" />
<file name="RSD_02_p_01.jpg" server="sep.csumb.edu" local="129877419100000000" remote="129877419100000000" />
<file name="portuguese_29_p_01.jpg" server="sep.csumb.edu" local="129869584790000000" remote="129869584790000000" />
<file name="portuguese_07_p_01.jpg" server="sep.csumb.edu" local="129869584780000000" remote="129869584780000000" />
<file name="portuguese_115_p_04.jpg" server="sep.csumb.edu" local="129869584780000000" remote="129869584780000000" />
<file name="RSD_11_p_01.jpg" server="sep.csumb.edu" local="129877419100000000" remote="129877419100000000" />
<file name="shalebeds_01_p_02.jpg" server="sep.csumb.edu" local="129869584790000000" remote="129869584790000000" />
<file name="portuguese_55_p_01.jpg" server="sep.csumb.edu" local="129869584790000000" remote="129869584790000000" />
<file name="RSD_03_p_04.jpg" server="sep.csumb.edu" local="129877419100000000" remote="129877419100000000" />
<file name="shalebeds_02_p_02.jpg" server="sep.csumb.edu" local="129869584790000000" remote="129869584790000000" />
<file name="portuguese_12_p_06.jpg" server="sep.csumb.edu" local="129869584780000000" remote="129869584780000000" />
<file name="portuguese_53_p_01.jpg" server="sep.csumb.edu" local="129869584790000000" remote="129869584790000000" />
<file name="portuguese_08_p_01.jpg" server="sep.csumb.edu" local="129869584780000000" remote="129869584780000000" />
<file name="portuguese_37_p_01.jpg" server="sep.csumb.edu" local="129869584790000000" remote="129869584790000000" />
<file name="portuguese_25_p_01.jpg" server="sep.csumb.edu" local="129869584790000000" remote="129869584790000000" />
<file name="shalebeds_01_p_01.jpg" server="sep.csumb.edu" local="129869584790000000" remote="129869584790000000" />
<file name="portuguese_12_p_03.jpg" server="sep.csumb.edu" local="129869584780000000" remote="129869584780000000" />
<file name="portuguese_115_p_03.jpg" server="sep.csumb.edu" local="129869584780000000" remote="129869584780000000" />
<file name="portuguese_44_p_01.jpg" server="sep.csumb.edu" local="129869584790000000" remote="129869584790000000" />
<file name="shalebeds_02_p_01.jpg" server="sep.csumb.edu" local="129869584790000000" remote="129869584790000000" />
<file name="SouthBay_04_p_01.jpg" server="sep.csumb.edu" local="129877419100000000" remote="129877419100000000" />
<file name="portuguese_12_p_02.jpg" server="sep.csumb.edu" local="129869584780000000" remote="129869584780000000" />
<file name="shalebeds_02_p_03.jpg" server="sep.csumb.edu" local="129869584790000000" remote="129869584790000000" />
<file name="portuguese_05_p_01.jpg" server="sep.csumb.edu" local="129869584780000000" remote="129869584780000000" />
<file name="portuguese_10_p_02.jpg" server="sep.csumb.edu" local="129869584780000000" remote="129869584780000000" />
<file name="portuguese_115_p_01.jpg" server="sep.csumb.edu" local="129869584780000000" remote="129869584780000000" />
<file name="portuguese_15_p_03.jpg" server="sep.csumb.edu" local="129869584790000000" remote="129869584790000000" />
<file name="shalebeds_04_p_01.jpg" server="sep.csumb.edu" local="129869584790000000" remote="129869584790000000" />
</dwsync>