<?xml version="1.0" encoding="utf-8" ?>
<dwsync>
<file name="northbay_10_p_01.jpg" server="sep.csumb.edu" local="129640623250000000" remote="129640623250000000" />
<file name="northbay_20_p_01.jpg" server="sep.csumb.edu" local="129640623260000000" remote="129640623260000000" />
<file name="northbay_31_p_03.jpg" server="sep.csumb.edu" local="129640623260000000" remote="129640623260000000" />
<file name="montereycanyon_01_p_06.jpg" server="sep.csumb.edu" local="129503201680000000" remote="129503201680000000" />
<file name="northbay_28_p_06.jpg" server="sep.csumb.edu" local="129640623260000000" remote="129640623260000000" />
<file name="northbay_36_p_01.jpg" server="sep.csumb.edu" local="129640623260000000" remote="129640623260000000" />
<file name="montereycanyon_02_p_02.jpg" server="sep.csumb.edu" local="129503201680000000" remote="129503201680000000" />
<file name="northbay_11_p_01.jpg" server="sep.csumb.edu" local="129640623250000000" remote="129640623250000000" />
<file name="northbay_40_p_03.jpg" server="sep.csumb.edu" local="129640623260000000" remote="129640623260000000" />
<file name="northbay_28_p_04.jpg" server="sep.csumb.edu" local="129640623260000000" remote="129640623260000000" />
<file name="northbay_28_p_07.jpg" server="sep.csumb.edu" local="129640623260000000" remote="129640623260000000" />
<file name="northbay_28_p_03.jpg" server="sep.csumb.edu" local="129640623260000000" remote="129640623260000000" />
<file name="northbay_27_p_03.jpg" server="sep.csumb.edu" local="129640623260000000" remote="129640623260000000" />
<file name="northbay_26_p_01.jpg" server="sep.csumb.edu" local="129640623260000000" remote="129640623260000000" />
<file name="northbay_21_p_01.jpg" server="sep.csumb.edu" local="129640623260000000" remote="129640623260000000" />
<file name="northbay_23_p_01.jpg" server="sep.csumb.edu" local="129640623260000000" remote="129640623260000000" />
<file name="northbay_12_p_02.jpg" server="sep.csumb.edu" local="129640623250000000" remote="129640623250000000" />
<file name="northbay_32_p_01.jpg" server="sep.csumb.edu" local="129640623260000000" remote="129640623260000000" />
<file name="northbay_39_p_02.jpg" server="sep.csumb.edu" local="129640623260000000" remote="129640623260000000" />
<file name="northbay_15_p_02.jpg" server="sep.csumb.edu" local="129640623260000000" remote="129640623260000000" />
<file name="montereycanyon_01_p_07.jpg" server="sep.csumb.edu" local="129503201680000000" remote="129503201680000000" />
<file name="montereycanyon_01_p_02.jpg" server="sep.csumb.edu" local="129503201680000000" remote="129503201680000000" />
<file name="northbay_39_p_06.jpg" server="sep.csumb.edu" local="129640623260000000" remote="129640623260000000" />
<file name="northbay_34_p_03.jpg" server="sep.csumb.edu" local="129640623260000000" remote="129640623260000000" />
<file name="northbay_04_p_02.jpg" server="sep.csumb.edu" local="129640623250000000" remote="129640623250000000" />
<file name="northbay_37_p_01.jpg" server="sep.csumb.edu" local="129640623260000000" remote="129640623260000000" />
<file name="northbay_18_p_01.jpg" server="sep.csumb.edu" local="129640623260000000" remote="129640623260000000" />
<file name="northbay_31_p_02.jpg" server="sep.csumb.edu" local="129640623260000000" remote="129640623260000000" />
<file name="northbay_40_p_02.jpg" server="sep.csumb.edu" local="129640623260000000" remote="129640623260000000" />
<file name="northbay_12_p_01.jpg" server="sep.csumb.edu" local="129640623250000000" remote="129640623250000000" />
<file name="northbay_31_p_01.jpg" server="sep.csumb.edu" local="129640623260000000" remote="129640623260000000" />
<file name="northbay_38_p_02.jpg" server="sep.csumb.edu" local="129640623260000000" remote="129640623260000000" />
<file name="northbay_28_p_05.jpg" server="sep.csumb.edu" local="129640623260000000" remote="129640623260000000" />
<file name="northbay_37_p_03.jpg" server="sep.csumb.edu" local="129640623260000000" remote="129640623260000000" />
<file name="northbay_17_p_01.jpg" server="sep.csumb.edu" local="129640623260000000" remote="129640623260000000" />
<file name="northbay_11_p_02.jpg" server="sep.csumb.edu" local="129640623250000000" remote="129640623250000000" />
<file name="northbay_02_p_02.jpg" server="sep.csumb.edu" local="129640623250000000" remote="129640623250000000" />
<file name="northbay_14_p_03.jpg" server="sep.csumb.edu" local="129640623260000000" remote="129640623260000000" />
<file name="northbay_37_p_02.jpg" server="sep.csumb.edu" local="129640623260000000" remote="129640623260000000" />
<file name="northbay_14_p_04.jpg" server="sep.csumb.edu" local="129640623260000000" remote="129640623260000000" />
<file name="northbay_17_p_02.jpg" server="sep.csumb.edu" local="129640623260000000" remote="129640623260000000" />
<file name="northbay_13_p_01.jpg" server="sep.csumb.edu" local="129640623260000000" remote="129640623260000000" />
<file name="northbay_16_p_02.jpg" server="sep.csumb.edu" local="129640623260000000" remote="129640623260000000" />
<file name="northbay_34_p_02.jpg" server="sep.csumb.edu" local="129640623260000000" remote="129640623260000000" />
<file name="northbay_01_p_02.jpg" server="sep.csumb.edu" local="129640623250000000" remote="129640623250000000" />
<file name="northbay_06_p_01.jpg" server="sep.csumb.edu" local="129640623250000000" remote="129640623250000000" />
<file name="northbay_17_p_03.jpg" server="sep.csumb.edu" local="129640623260000000" remote="129640623260000000" />
<file name="northbay_28_p_01.jpg" server="sep.csumb.edu" local="129640623260000000" remote="129640623260000000" />
<file name="northbay_22_p_01.jpg" server="sep.csumb.edu" local="129640623260000000" remote="129640623260000000" />
<file name="montereycanyon_01_p_04.jpg" server="sep.csumb.edu" local="129503201680000000" remote="129503201680000000" />
<file name="northbay_37_p_04.jpg" server="sep.csumb.edu" local="129640623260000000" remote="129640623260000000" />
<file name="northbay_33_p_01.jpg" server="sep.csumb.edu" local="129640623260000000" remote="129640623260000000" />
<file name="montereycanyon_02_p_03.jpg" server="sep.csumb.edu" local="129503201680000000" remote="129503201680000000" />
<file name="northbay_39_p_07.jpg" server="sep.csumb.edu" local="129640623260000000" remote="129640623260000000" />
<file name="northbay_14_p_02.jpg" server="sep.csumb.edu" local="129640623260000000" remote="129640623260000000" />
<file name="northbay_09_p_01.jpg" server="sep.csumb.edu" local="129640623250000000" remote="129640623250000000" />
<file name="montereycanyon_01_p_03.jpg" server="sep.csumb.edu" local="129503201680000000" remote="129503201680000000" />
<file name="northbay_36_p_03.jpg" server="sep.csumb.edu" local="129640623260000000" remote="129640623260000000" />
<file name="northbay_35_p_01.jpg" server="sep.csumb.edu" local="129640623260000000" remote="129640623260000000" />
<file name="northbay_29_p_01.jpg" server="sep.csumb.edu" local="129640623260000000" remote="129640623260000000" />
<file name="northbay_07_p_01.jpg" server="sep.csumb.edu" local="129640623250000000" remote="129640623250000000" />
<file name="northbay_01_p_01.jpg" server="sep.csumb.edu" local="129640623250000000" remote="129640623250000000" />
<file name="northbay_39_p_01.jpg" server="sep.csumb.edu" local="129640623260000000" remote="129640623260000000" />
<file name="northbay_27_p_02.jpg" server="sep.csumb.edu" local="129640623260000000" remote="129640623260000000" />
<file name="northbay_08_p_01.jpg" server="sep.csumb.edu" local="129640623250000000" remote="129640623250000000" />
<file name="northbay_18_p_02.jpg" server="sep.csumb.edu" local="129640623260000000" remote="129640623260000000" />
<file name="northbay_20_p_02.jpg" server="sep.csumb.edu" local="129640623260000000" remote="129640623260000000" />
<file name="northbay_32_p_02.jpg" server="sep.csumb.edu" local="129640623260000000" remote="129640623260000000" />
<file name="northbay_34_p_01.jpg" server="sep.csumb.edu" local="129640623260000000" remote="129640623260000000" />
<file name="northbay_02_p_01.jpg" server="sep.csumb.edu" local="129640623250000000" remote="129640623250000000" />
<file name="northbay_01_p_03.jpg" server="sep.csumb.edu" local="129640623250000000" remote="129640623250000000" />
<file name="northbay_40_p_04.jpg" server="sep.csumb.edu" local="129640623260000000" remote="129640623260000000" />
<file name="northbay_14_p_01.jpg" server="sep.csumb.edu" local="129640623260000000" remote="129640623260000000" />
<file name="montereycanyon_02_p_01.jpg" server="sep.csumb.edu" local="129503201680000000" remote="129503201680000000" />
<file name="montereycanyon_01_p_05.jpg" server="sep.csumb.edu" local="129503201680000000" remote="129503201680000000" />
<file name="northbay_15_p_01.jpg" server="sep.csumb.edu" local="129640623260000000" remote="129640623260000000" />
<file name="northbay_32_p_03.jpg" server="sep.csumb.edu" local="129640623260000000" remote="129640623260000000" />
<file name="northbay_07_p_03.jpg" server="sep.csumb.edu" local="129640623250000000" remote="129640623250000000" />
<file name="northbay_33_p_03.jpg" server="sep.csumb.edu" local="129640623260000000" remote="129640623260000000" />
<file name="northbay_25_p_01.jpg" server="sep.csumb.edu" local="129640623260000000" remote="129640623260000000" />
<file name="northbay_28_p_02.jpg" server="sep.csumb.edu" local="129640623260000000" remote="129640623260000000" />
<file name="northbay_35_p_02.jpg" server="sep.csumb.edu" local="129640623260000000" remote="129640623260000000" />
<file name="northbay_40_p_01.jpg" server="sep.csumb.edu" local="129640623260000000" remote="129640623260000000" />
<file name="northbay_04_p_01.jpg" server="sep.csumb.edu" local="129640623250000000" remote="129640623250000000" />
<file name="northbay_39_p_05.jpg" server="sep.csumb.edu" local="129640623260000000" remote="129640623260000000" />
<file name="northbay_33_p_02.jpg" server="sep.csumb.edu" local="129640623260000000" remote="129640623260000000" />
<file name="northbay_19_p_01.jpg" server="sep.csumb.edu" local="129640623260000000" remote="129640623260000000" />
<file name="northbay_18_p_03.jpg" server="sep.csumb.edu" local="129640623260000000" remote="129640623260000000" />
<file name="northbay_27_p_01.jpg" server="sep.csumb.edu" local="129640623260000000" remote="129640623260000000" />
<file name="northbay_07_p_02.jpg" server="sep.csumb.edu" local="129640623250000000" remote="129640623250000000" />
<file name="northbay_39_p_04.jpg" server="sep.csumb.edu" local="129640623260000000" remote="129640623260000000" />
<file name="montereycanyon_01_p_01.jpg" server="sep.csumb.edu" local="129503201680000000" remote="129503201680000000" />
<file name="northbay_05_p_01.jpg" server="sep.csumb.edu" local="129640623250000000" remote="129640623250000000" />
<file name="northbay_39_p_03.jpg" server="sep.csumb.edu" local="129640623260000000" remote="129640623260000000" />
<file name="montereycanyon_02_p_04.jpg" server="sep.csumb.edu" local="129503201680000000" remote="129503201680000000" />
<file name="northbay_29_p_02.jpg" server="sep.csumb.edu" local="129640623260000000" remote="129640623260000000" />
<file name="northbay_28_p_08.jpg" server="sep.csumb.edu" local="129640623260000000" remote="129640623260000000" />
<file name="northbay_16_p_01.jpg" server="sep.csumb.edu" local="129640623260000000" remote="129640623260000000" />
<file name="northbay_38_p_01.jpg" server="sep.csumb.edu" local="129640623260000000" remote="129640623260000000" />
</dwsync>