<?xml version="1.0" encoding="utf-8" ?>
<dwsync>
<file name="lobos_03_p_solitaryanemone.jpg" server="sep.csumb.edu" local="129127193650000000" remote="129127193650000000" />
<file name="lobos_11_p_skate.jpg" server="sep.csumb.edu" local="129127193650000000" remote="129127193650000000" />
<file name="lobos_10_p_poacher.jpg" server="sep.csumb.edu" local="129127193650000000" remote="129127193650000000" />
<file name="lobos_15_p_brachiopods.jpg" server="sep.csumb.edu" local="129127193650000000" remote="129127193650000000" />
<file name="lobos_11_p_sponge3d.jpg" server="sep.csumb.edu" local="129127193650000000" remote="129127193650000000" />
<file name="lobos_07_p_yellowtailoliverockfish.jpg" server="sep.csumb.edu" local="129127193650000000" remote="129127193650000000" />
<file name="lobos_03_p_sharpchinrockfish.jpg" server="sep.csumb.edu" local="129127193650000000" remote="129127193650000000" />
<file name="lobos_08_p_stripetailrockfish.jpg" server="sep.csumb.edu" local="129127193650000000" remote="129127193650000000" />
<file name="lobos_02_p_seapen.jpg" server="sep.csumb.edu" local="129127193650000000" remote="129127193650000000" />
<file name="lobos_11_p_widowrockfish.jpg" server="sep.csumb.edu" local="129127193650000000" remote="129127193650000000" />
<file name="lobos_08_p_cancercrab.jpg" server="sep.csumb.edu" local="129127193650000000" remote="129127193650000000" />
<file name="lobos_07_p_cushionstar.jpg" server="sep.csumb.edu" local="129127193650000000" remote="129127193650000000" />
<file name="lobos_08_p_seacucumber.jpg" server="sep.csumb.edu" local="129127193650000000" remote="129127193650000000" />
<file name="lobos_10_p_combfish.jpg" server="sep.csumb.edu" local="129127193650000000" remote="129127193650000000" />
<file name="lobos_09_p_trash.jpg" server="sep.csumb.edu" local="129127193650000000" remote="129127193650000000" />
<file name="lobos_09_p_octopus.jpg" server="sep.csumb.edu" local="129127193650000000" remote="129127193650000000" />
<file name="lobos_02_p_greenstripedrockfish.jpg" server="sep.csumb.edu" local="129127193650000000" remote="129127193650000000" />
<file name="lobos_12_p_halfbandedrockfish.jpg" server="sep.csumb.edu" local="129127193650000000" remote="129127193650000000" />
<file name="lobos_01_p_basketstar.jpg" server="sep.csumb.edu" local="129127193650000000" remote="129127193650000000" />
<file name="lobos_22_p_solitaryanemone.jpg" server="sep.csumb.edu" local="129127193650000000" remote="129127193650000000" />
<file name="lobos_04_p_tubeworm.jpg" server="sep.csumb.edu" local="129127193650000000" remote="129127193650000000" />
<file name="lobos_04_p_solitaryanemone.jpg" server="sep.csumb.edu" local="129127193650000000" remote="129127193650000000" />
<file name="lobos_08_p_spotprawn.jpg" server="sep.csumb.edu" local="129127193650000000" remote="129127193650000000" />
<file name="lobos_02_p_redbrittleonsediment.jpg" server="sep.csumb.edu" local="129127193650000000" remote="129127193650000000" />
<file name="lobos_01_p_ratfish.jpg" server="sep.csumb.edu" local="129127193650000000" remote="129127193650000000" />
<file name="lobos_09_p_sandstar.jpg" server="sep.csumb.edu" local="129127193650000000" remote="129127193650000000" />
<file name="lobos_08_p_rexsole.jpg" server="sep.csumb.edu" local="129127193650000000" remote="129127193650000000" />
</dwsync>