<?xml version="1.0" encoding="utf-8" ?>
<dwsync>
<file name="aacanyons_03_p_cancercraburchin.jpg" server="sep.csumb.edu" local="129127193420000000" remote="129127193420000000" />
<file name="aacanyons_04_p_urchin.jpg" server="sep.csumb.edu" local="129127193430000000" remote="129127193430000000" />
<file name="aacanyons_01_p_eelpout.jpg" server="sep.csumb.edu" local="129127193420000000" remote="129127193420000000" />
<file name="aacanyons_01_p_petrale.jpg" server="sep.csumb.edu" local="129127193420000000" remote="129127193420000000" />
<file name="aacanyons_02_p_english.jpg" server="sep.csumb.edu" local="129127193420000000" remote="129127193420000000" />
<file name="aacanyons_02_p_pompomanemone.jpg" server="sep.csumb.edu" local="129127193420000000" remote="129127193420000000" />
<file name="aacanyons_04_p_sandstar.jpg" server="sep.csumb.edu" local="129127193430000000" remote="129127193430000000" />
<file name="aacanyons_03_p_rex.jpg" server="sep.csumb.edu" local="129127193420000000" remote="129127193420000000" />
<file name="aacanyons_03_p_sandpaperskate.jpg" server="sep.csumb.edu" local="129127193420000000" remote="129127193420000000" />
</dwsync>