<?xml version="1.0" encoding="utf-8" ?>
<dwsync>
<file name="southsanctuary_40_p_03.jpg" server="sep.csumb.edu" local="129877416840000000" remote="129877416840000000" />
<file name="southsanctuary_34_p_03.jpg" server="sep.csumb.edu" local="129640623610000000" remote="129640623610000000" />
<file name="cruzcanyon_04_p_01.jpg" server="sep.csumb.edu" local="129503201700000000" remote="129503201700000000" />
<file name="southsanctuary_31_p_01.jpg" server="sep.csumb.edu" local="129640623610000000" remote="129640623610000000" />
<file name="southsanctuary_16_p_01.jpg" server="sep.csumb.edu" local="129640623610000000" remote="129640623610000000" />
<file name="piedras_14_p_01.jpg" server="sep.csumb.edu" local="129503201700000000" remote="129503201700000000" />
<file name="southsanctuary_36_p_02.jpg" server="sep.csumb.edu" local="129640623610000000" remote="129640623610000000" />
<file name="southsanctuary_18_p_01.jpg" server="sep.csumb.edu" local="129640623610000000" remote="129640623610000000" />
<file name="southsanctuary_40_p_02.jpg" server="sep.csumb.edu" local="129877416840000000" remote="129877416840000000" />
<file name="piedras_05_p_01.jpg" server="sep.csumb.edu" local="129503201700000000" remote="129503201700000000" />
<file name="southsanctuary_38_p_04.jpg" server="sep.csumb.edu" local="129640623610000000" remote="129640623610000000" />
<file name="cruzcanyon_06_p_02.jpg" server="sep.csumb.edu" local="129503201700000000" remote="129503201700000000" />
<file name="piedras_27_p_03.jpg" server="sep.csumb.edu" local="129503201700000000" remote="129503201700000000" />
<file name="piedras_09_p_01.jpg" server="sep.csumb.edu" local="129503201700000000" remote="129503201700000000" />
<file name="piedras_28_p_04.jpg" server="sep.csumb.edu" local="129503201710000000" remote="129503201710000000" />
<file name="southsanctuary_34_p_01.jpg" server="sep.csumb.edu" local="129640623610000000" remote="129640623610000000" />
<file name="southsanctuary_30_p_02.jpg" server="sep.csumb.edu" local="129640623610000000" remote="129640623610000000" />
<file name="piedras_02_p_02.jpg" server="sep.csumb.edu" local="129503201700000000" remote="129503201700000000" />
<file name="piedras_29_p_02.jpg" server="sep.csumb.edu" local="129503201710000000" remote="129503201710000000" />
<file name="cruzcanyon_07_p_03.jpg" server="sep.csumb.edu" local="129503201700000000" remote="129503201700000000" />
<file name="piedras_27_p_02.jpg" server="sep.csumb.edu" local="129503201700000000" remote="129503201700000000" />
<file name="piedras_04_p_01.jpg" server="sep.csumb.edu" local="129503201700000000" remote="129503201700000000" />
<file name="southsanctuary_41_p_04.jpg" server="sep.csumb.edu" local="129877416840000000" remote="129877416840000000" />
<file name="southsanctuary_36_p_05.jpg" server="sep.csumb.edu" local="129640623610000000" remote="129640623610000000" />
<file name="cruzcanyon_08_p_01.jpg" server="sep.csumb.edu" local="129503201700000000" remote="129503201700000000" />
<file name="southsanctuary_38_p_01.jpg" server="sep.csumb.edu" local="129640623610000000" remote="129640623610000000" />
<file name="southsanctuary_34_p_02.jpg" server="sep.csumb.edu" local="129640623610000000" remote="129640623610000000" />
<file name="piedras_27_p_05.jpg" server="sep.csumb.edu" local="129503201700000000" remote="129503201700000000" />
<file name="southsanctuary_31_p_03.jpg" server="sep.csumb.edu" local="129640623610000000" remote="129640623610000000" />
<file name="southsanctuary_32_p_02.jpg" server="sep.csumb.edu" local="129640623610000000" remote="129640623610000000" />
<file name="piedras_11_p_01.jpg" server="sep.csumb.edu" local="129503201700000000" remote="129503201700000000" />
<file name="piedras_09_p_02.jpg" server="sep.csumb.edu" local="129503201700000000" remote="129503201700000000" />
<file name="piedras_16_p_02.jpg" server="sep.csumb.edu" local="129503201700000000" remote="129503201700000000" />
<file name="piedras_28_p_05.jpg" server="sep.csumb.edu" local="129503201710000000" remote="129503201710000000" />
<file name="cruzcanyon_07_p_01.jpg" server="sep.csumb.edu" local="129503201700000000" remote="129503201700000000" />
<file name="southsanctuary_35_p_01.jpg" server="sep.csumb.edu" local="129640623610000000" remote="129640623610000000" />
<file name="southsanctuary_36_p_06.jpg" server="sep.csumb.edu" local="129640623610000000" remote="129640623610000000" />
<file name="piedras_29_p_04.jpg" server="sep.csumb.edu" local="129503201710000000" remote="129503201710000000" />
<file name="piedras_04_p_02.jpg" server="sep.csumb.edu" local="129503201700000000" remote="129503201700000000" />
<file name="southsanctuary_40_p_01.jpg" server="sep.csumb.edu" local="129877416840000000" remote="129877416840000000" />
<file name="piedras_29_p_01.jpg" server="sep.csumb.edu" local="129503201710000000" remote="129503201710000000" />
<file name="southsanctuary_40_p_06.jpg" server="sep.csumb.edu" local="129877416840000000" remote="129877416840000000" />
<file name="piedras_27_p_09.jpg" server="sep.csumb.edu" local="129503201700000000" remote="129503201700000000" />
<file name="piedras_05_p_02.jpg" server="sep.csumb.edu" local="129503201700000000" remote="129503201700000000" />
<file name="piedras_28_p_06.jpg" server="sep.csumb.edu" local="129503201710000000" remote="129503201710000000" />
<file name="southsanctuary_13_p_01.jpg" server="sep.csumb.edu" local="129640623610000000" remote="129640623610000000" />
<file name="cruzcanyon_09_p_02.jpg" server="sep.csumb.edu" local="129503201700000000" remote="129503201700000000" />
<file name="southsanctuary_36_p_01.jpg" server="sep.csumb.edu" local="129640623610000000" remote="129640623610000000" />
<file name="cruzcanyon_08_p_03.jpg" server="sep.csumb.edu" local="129503201700000000" remote="129503201700000000" />
<file name="southsanctuary_09_p_02.jpg" server="sep.csumb.edu" local="129640623610000000" remote="129640623610000000" />
<file name="piedras_28_p_01.jpg" server="sep.csumb.edu" local="129503201700000000" remote="129503201700000000" />
<file name="southsanctuary_38_p_02.jpg" server="sep.csumb.edu" local="129640623610000000" remote="129640623610000000" />
<file name="cruzcanyon_03_p_01.jpg" server="sep.csumb.edu" local="129503201700000000" remote="129503201700000000" />
<file name="southsanctuary_24_p_01.jpg" server="sep.csumb.edu" local="129640623610000000" remote="129640623610000000" />
<file name="piedras_01_p_01.jpg" server="sep.csumb.edu" local="129503201700000000" remote="129503201700000000" />
<file name="southsanctuary_49_p_02.jpg" server="sep.csumb.edu" local="129877416840000000" remote="129877416840000000" />
<file name="cruzcanyon_08_p_02.jpg" server="sep.csumb.edu" local="129503201700000000" remote="129503201700000000" />
<file name="cruzcanyon_09_p_03.jpg" server="sep.csumb.edu" local="129503201700000000" remote="129503201700000000" />
<file name="southsanctuary_37_p_03.jpg" server="sep.csumb.edu" local="129640623610000000" remote="129640623610000000" />
<file name="southsanctuary_35_p_02.jpg" server="sep.csumb.edu" local="129640623610000000" remote="129640623610000000" />
<file name="southsanctuary_01_p_03.jpg" server="sep.csumb.edu" local="129640623600000000" remote="129640623600000000" />
<file name="piedras_01_p_03.jpg" server="sep.csumb.edu" local="129503201700000000" remote="129503201700000000" />
<file name="southsanctuary_41_p_05.jpg" server="sep.csumb.edu" local="129877416840000000" remote="129877416840000000" />
<file name="cruzcanyon_06_p_01.jpg" server="sep.csumb.edu" local="129503201700000000" remote="129503201700000000" />
<file name="southsanctuary_02_p_02.jpg" server="sep.csumb.edu" local="129640623600000000" remote="129640623600000000" />
<file name="piedras_24_p_01.jpg" server="sep.csumb.edu" local="129503201700000000" remote="129503201700000000" />
<file name="southsanctuary_41_p_03.jpg" server="sep.csumb.edu" local="129877416840000000" remote="129877416840000000" />
<file name="southsanctuary_02_p_01.jpg" server="sep.csumb.edu" local="129640623600000000" remote="129640623600000000" />
<file name="piedras_29_p_05.jpg" server="sep.csumb.edu" local="129503201710000000" remote="129503201710000000" />
<file name="southsanctuary_33_p_02.jpg" server="sep.csumb.edu" local="129640623610000000" remote="129640623610000000" />
<file name="southsanctuary_04_p_01.jpg" server="sep.csumb.edu" local="129640623600000000" remote="129640623600000000" />
<file name="southsanctuary_36_p_11.jpg" server="sep.csumb.edu" local="129640623610000000" remote="129640623610000000" />
<file name="piedras_27_p_11.jpg" server="sep.csumb.edu" local="129503201700000000" remote="129503201700000000" />
<file name="southsanctuary_40_p_07.jpg" server="sep.csumb.edu" local="129877416840000000" remote="129877416840000000" />
<file name="southsanctuary_47_p_05.jpg" server="sep.csumb.edu" local="129877416840000000" remote="129877416840000000" />
<file name="southsanctuary_37_p_04.jpg" server="sep.csumb.edu" local="129640623610000000" remote="129640623610000000" />
<file name="cruzcanyon_04_p_02.jpg" server="sep.csumb.edu" local="129503201700000000" remote="129503201700000000" />
<file name="southsanctuary_10_p_01.jpg" server="sep.csumb.edu" local="129640623610000000" remote="129640623610000000" />
<file name="cruzcanyon_02_p_01.jpg" server="sep.csumb.edu" local="129503201700000000" remote="129503201700000000" />
<file name="cruzcanyon_09_p_01.jpg" server="sep.csumb.edu" local="129503201700000000" remote="129503201700000000" />
<file name="southsanctuary_32_p_01.jpg" server="sep.csumb.edu" local="129640623610000000" remote="129640623610000000" />
<file name="southsanctuary_14_p_01.jpg" server="sep.csumb.edu" local="129640623610000000" remote="129640623610000000" />
<file name="cruzcanyon_03_p_03.jpg" server="sep.csumb.edu" local="129503201700000000" remote="129503201700000000" />
<file name="southsanctuary_29_p_02.jpg" server="sep.csumb.edu" local="129640623610000000" remote="129640623610000000" />
<file name="piedras_16_p_01.jpg" server="sep.csumb.edu" local="129503201700000000" remote="129503201700000000" />
<file name="southsanctuary_37_p_05.jpg" server="sep.csumb.edu" local="129640623610000000" remote="129640623610000000" />
<file name="southsanctuary_27_p_02.jpg" server="sep.csumb.edu" local="129640623610000000" remote="129640623610000000" />
<file name="piedras_02_p_01.jpg" server="sep.csumb.edu" local="129503201700000000" remote="129503201700000000" />
<file name="southsanctuary_01_p_01.jpg" server="sep.csumb.edu" local="129640623600000000" remote="129640623600000000" />
<file name="cruzcanyon_03_p_02.jpg" server="sep.csumb.edu" local="129503201700000000" remote="129503201700000000" />
<file name="southsanctuary_28_p_01.jpg" server="sep.csumb.edu" local="129640623610000000" remote="129640623610000000" />
<file name="piedras_24_p_02.jpg" server="sep.csumb.edu" local="129503201700000000" remote="129503201700000000" />
<file name="piedras_18_p_01.jpg" server="sep.csumb.edu" local="129503201700000000" remote="129503201700000000" />
<file name="southsanctuary_29_p_01.jpg" server="sep.csumb.edu" local="129640623610000000" remote="129640623610000000" />
<file name="southsanctuary_46_p_04.jpg" server="sep.csumb.edu" local="129877416840000000" remote="129877416840000000" />
<file name="piedras_27_p_04.jpg" server="sep.csumb.edu" local="129503201700000000" remote="129503201700000000" />
<file name="southsanctuary_22_p_01.jpg" server="sep.csumb.edu" local="129640623610000000" remote="129640623610000000" />
<file name="southsanctuary_08_p_01.jpg" server="sep.csumb.edu" local="129640623610000000" remote="129640623610000000" />
<file name="southsanctuary_32_p_03.jpg" server="sep.csumb.edu" local="129640623610000000" remote="129640623610000000" />
<file name="southsanctuary_09_p_01.jpg" server="sep.csumb.edu" local="129640623610000000" remote="129640623610000000" />
<file name="piedras_08_p_01.jpg" server="sep.csumb.edu" local="129503201700000000" remote="129503201700000000" />
<file name="southsanctuary_46_p_03.jpg" server="sep.csumb.edu" local="129877416840000000" remote="129877416840000000" />
<file name="southsanctuary_36_p_04.jpg" server="sep.csumb.edu" local="129640623610000000" remote="129640623610000000" />
<file name="cruzcanyon_06_p_03.jpg" server="sep.csumb.edu" local="129503201700000000" remote="129503201700000000" />
<file name="southsanctuary_40_p_05.jpg" server="sep.csumb.edu" local="129877416840000000" remote="129877416840000000" />
<file name="southsanctuary_27_p_01.jpg" server="sep.csumb.edu" local="129640623610000000" remote="129640623610000000" />
<file name="southsanctuary_06_p_01.jpg" server="sep.csumb.edu" local="129640623610000000" remote="129640623610000000" />
<file name="cruzcanyon_04_p_03.jpg" server="sep.csumb.edu" local="129503201700000000" remote="129503201700000000" />
<file name="piedras_01_p_02.jpg" server="sep.csumb.edu" local="129503201700000000" remote="129503201700000000" />
<file name="piedras_27_p_08.jpg" server="sep.csumb.edu" local="129503201700000000" remote="129503201700000000" />
<file name="piedras_10_p_01.jpg" server="sep.csumb.edu" local="129503201700000000" remote="129503201700000000" />
<file name="southsanctuary_01_p_02.jpg" server="sep.csumb.edu" local="129640623600000000" remote="129640623600000000" />
<file name="southsanctuary_30_p_03.jpg" server="sep.csumb.edu" local="129640623610000000" remote="129640623610000000" />
<file name="cruzcanyon_05_p_02.jpg" server="sep.csumb.edu" local="129503201700000000" remote="129503201700000000" />
<file name="southsanctuary_35_p_03.jpg" server="sep.csumb.edu" local="129640623610000000" remote="129640623610000000" />
<file name="southsanctuary_46_p_01.jpg" server="sep.csumb.edu" local="129877416840000000" remote="129877416840000000" />
<file name="southsanctuary_49_p_01.jpg" server="sep.csumb.edu" local="129877416840000000" remote="129877416840000000" />
<file name="piedras_19_p_01.jpg" server="sep.csumb.edu" local="129503201700000000" remote="129503201700000000" />
<file name="southsanctuary_41_p_02.jpg" server="sep.csumb.edu" local="129877416840000000" remote="129877416840000000" />
<file name="cruzcanyon_01_p_01.jpg" server="sep.csumb.edu" local="129503201700000000" remote="129503201700000000" />
<file name="piedras_06_p_02.jpg" server="sep.csumb.edu" local="129503201700000000" remote="129503201700000000" />
<file name="southsanctuary_48_p_01.jpg" server="sep.csumb.edu" local="129877416840000000" remote="129877416840000000" />
<file name="southsanctuary_37_p_02.jpg" server="sep.csumb.edu" local="129640623610000000" remote="129640623610000000" />
<file name="southsanctuary_24_p_02.jpg" server="sep.csumb.edu" local="129640623610000000" remote="129640623610000000" />
<file name="southsanctuary_19_p_01.jpg" server="sep.csumb.edu" local="129640623610000000" remote="129640623610000000" />
<file name="piedras_13_p_01.jpg" server="sep.csumb.edu" local="129503201700000000" remote="129503201700000000" />
<file name="piedras_22_p_01.jpg" server="sep.csumb.edu" local="129503201700000000" remote="129503201700000000" />
<file name="piedras_06_p_01.jpg" server="sep.csumb.edu" local="129503201700000000" remote="129503201700000000" />
<file name="cruzcanyon_07_p_02.jpg" server="sep.csumb.edu" local="129503201700000000" remote="129503201700000000" />
<file name="southsanctuary_47_p_04.jpg" server="sep.csumb.edu" local="129877416840000000" remote="129877416840000000" />
<file name="southsanctuary_36_p_03.jpg" server="sep.csumb.edu" local="129640623610000000" remote="129640623610000000" />
<file name="southsanctuary_46_p_05.jpg" server="sep.csumb.edu" local="129877416840000000" remote="129877416840000000" />
<file name="cruzcanyon_05_p_01.jpg" server="sep.csumb.edu" local="129503201700000000" remote="129503201700000000" />
<file name="cruzcanyon_01_p_03.jpg" server="sep.csumb.edu" local="129503201700000000" remote="129503201700000000" />
<file name="southsanctuary_27_p_03.jpg" server="sep.csumb.edu" local="129640623610000000" remote="129640623610000000" />
<file name="southsanctuary_04_p_02.jpg" server="sep.csumb.edu" local="129640623610000000" remote="129640623610000000" />
<file name="southsanctuary_11_p_01.jpg" server="sep.csumb.edu" local="129640623610000000" remote="129640623610000000" />
<file name="southsanctuary_05_p_02.jpg" server="sep.csumb.edu" local="129640623610000000" remote="129640623610000000" />
<file name="southsanctuary_33_p_01.jpg" server="sep.csumb.edu" local="129640623610000000" remote="129640623610000000" />
<file name="southsanctuary_47_p_03.jpg" server="sep.csumb.edu" local="129877416840000000" remote="129877416840000000" />
<file name="cruzcanyon_02_p_03.jpg" server="sep.csumb.edu" local="129503201700000000" remote="129503201700000000" />
<file name="southsanctuary_40_p_04.jpg" server="sep.csumb.edu" local="129877416840000000" remote="129877416840000000" />
<file name="southsanctuary_46_p_02.jpg" server="sep.csumb.edu" local="129877416840000000" remote="129877416840000000" />
<file name="southsanctuary_41_p_01.jpg" server="sep.csumb.edu" local="129877416840000000" remote="129877416840000000" />
<file name="piedras_27_p_10.jpg" server="sep.csumb.edu" local="129503201700000000" remote="129503201700000000" />
<file name="southsanctuary_36_p_10.jpg" server="sep.csumb.edu" local="129640623610000000" remote="129640623610000000" />
<file name="southsanctuary_36_p_07.jpg" server="sep.csumb.edu" local="129640623610000000" remote="129640623610000000" />
<file name="southsanctuary_38_p_03.jpg" server="sep.csumb.edu" local="129640623610000000" remote="129640623610000000" />
<file name="southsanctuary_36_p_09.jpg" server="sep.csumb.edu" local="129640623610000000" remote="129640623610000000" />
<file name="southsanctuary_30_p_01.jpg" server="sep.csumb.edu" local="129640623610000000" remote="129640623610000000" />
<file name="southsanctuary_28_p_02.jpg" server="sep.csumb.edu" local="129640623610000000" remote="129640623610000000" />
<file name="southsanctuary_16_p_02.jpg" server="sep.csumb.edu" local="129640623610000000" remote="129640623610000000" />
<file name="piedras_27_p_06.jpg" server="sep.csumb.edu" local="129503201700000000" remote="129503201700000000" />
<file name="southsanctuary_37_p_06.jpg" server="sep.csumb.edu" local="129640623610000000" remote="129640623610000000" />
<file name="piedras_28_p_03.jpg" server="sep.csumb.edu" local="129503201710000000" remote="129503201710000000" />
<file name="southsanctuary_05_p_01.jpg" server="sep.csumb.edu" local="129640623610000000" remote="129640623610000000" />
<file name="piedras_27_p_07.jpg" server="sep.csumb.edu" local="129503201700000000" remote="129503201700000000" />
<file name="southsanctuary_37_p_01.jpg" server="sep.csumb.edu" local="129640623610000000" remote="129640623610000000" />
<file name="cruzcanyon_01_p_02.jpg" server="sep.csumb.edu" local="129503201700000000" remote="129503201700000000" />
<file name="piedras_29_p_03.jpg" server="sep.csumb.edu" local="129503201710000000" remote="129503201710000000" />
<file name="cruzcanyon_05_p_03.jpg" server="sep.csumb.edu" local="129503201700000000" remote="129503201700000000" />
<file name="southsanctuary_33_p_03.jpg" server="sep.csumb.edu" local="129640623610000000" remote="129640623610000000" />
<file name="piedras_27_p_01.jpg" server="sep.csumb.edu" local="129503201700000000" remote="129503201700000000" />
<file name="southsanctuary_47_p_02.jpg" server="sep.csumb.edu" local="129877416840000000" remote="129877416840000000" />
<file name="piedras_20_p_01.jpg" server="sep.csumb.edu" local="129503201700000000" remote="129503201700000000" />
<file name="southsanctuary_31_p_02.jpg" server="sep.csumb.edu" local="129640623610000000" remote="129640623610000000" />
<file name="piedras_22_p_02.jpg" server="sep.csumb.edu" local="129503201700000000" remote="129503201700000000" />
<file name="southsanctuary_06_p_02.jpg" server="sep.csumb.edu" local="129640623610000000" remote="129640623610000000" />
<file name="southsanctuary_29_p_03.jpg" server="sep.csumb.edu" local="129640623610000000" remote="129640623610000000" />
<file name="piedras_28_p_02.jpg" server="sep.csumb.edu" local="129503201710000000" remote="129503201710000000" />
<file name="southsanctuary_47_p_01.jpg" server="sep.csumb.edu" local="129877416840000000" remote="129877416840000000" />
<file name="southsanctuary_28_p_03.jpg" server="sep.csumb.edu" local="129640623610000000" remote="129640623610000000" />
<file name="cruzcanyon_02_p_02.jpg" server="sep.csumb.edu" local="129503201700000000" remote="129503201700000000" />
<file name="southsanctuary_20_p_01.jpg" server="sep.csumb.edu" local="129640623610000000" remote="129640623610000000" />
<file name="southsanctuary_22_p_02.jpg" server="sep.csumb.edu" local="129640623610000000" remote="129640623610000000" />
<file name="southsanctuary_36_p_08.jpg" server="sep.csumb.edu" local="129640623610000000" remote="129640623610000000" />
<file name="southsanctuary_38_p_05.jpg" server="sep.csumb.edu" local="129640623610000000" remote="129640623610000000" />
</dwsync>