<?xml version="1.0" encoding="utf-8" ?>
<dwsync>
<file name="dsm_10_p_goiterspongewhiterufflesponge.jpg" server="sep.csumb.edu" local="129152271360000000" remote="129152271360000000" />
<file name="dsm_13_p_bubblegumcoral.jpg" server="sep.csumb.edu" local="129152271390000000" remote="129152271390000000" />
<file name="dsm_07_p_trumpetspongerufflesponge.jpg" server="sep.csumb.edu" local="129152404740000000" remote="129152404740000000" />
<file name="dsm_11_p_snubnoseeelpout.jpg" server="sep.csumb.edu" local="129152271380000000" remote="129152271380000000" />
<file name="dsm_12_p_xenophyophorea.jpg" server="sep.csumb.edu" local="129152271390000000" remote="129152271390000000" />
<file name="dsm_11_p_bubblegumcoral.jpg" server="sep.csumb.edu" local="129152404740000000" remote="129152404740000000" />
<file name="dsm_08_p_bubblegumcoral1.jpg" server="sep.csumb.edu" local="129152271330000000" remote="129152271330000000" />
<file name="dsm_13_p_bamboocoral.jpg" server="sep.csumb.edu" local="129152271390000000" remote="129152271390000000" />
<file name="dsm_17_p_blobsculpin.jpg" server="sep.csumb.edu" local="129152271420000000" remote="129152271420000000" />
<file name="dsm_11_p_stalkedcrinoid.jpg" server="sep.csumb.edu" local="129152271380000000" remote="129152271380000000" />
<file name="dsm_15_p_sponge.jpg" server="sep.csumb.edu" local="129152271400000000" remote="129152271400000000" />
<file name="dsm_07_p_preciouscoral.jpg" server="sep.csumb.edu" local="129152271330000000" remote="129152271330000000" />
<file name="dsm_08_p_whitebranchedsponge.jpg" server="sep.csumb.edu" local="129152271340000000" remote="129152271340000000" />
<file name="dsm_16_p_stalkedtunicate.jpg" server="sep.csumb.edu" local="129152271420000000" remote="129152271420000000" />
<file name="dsm_13_p_creepingsponge.jpg" server="sep.csumb.edu" local="129152271390000000" remote="129152271390000000" />
<file name="dsm_12_p_urchin.jpg" server="sep.csumb.edu" local="129152271390000000" remote="129152271390000000" />
<file name="dsm_10_p_grenadier.jpg" server="sep.csumb.edu" local="129152271360000000" remote="129152271360000000" />
<file name="dsm_15_p_bubblegumcoral.jpg" server="sep.csumb.edu" local="129152271400000000" remote="129152271400000000" />
<file name="dsm_16_p_preciouscoralbasketstar.jpg" server="sep.csumb.edu" local="129152404880000000" remote="129152404880000000" />
<file name="dsm_11_p_ghostlygrenadier.jpg" server="sep.csumb.edu" local="129152271380000000" remote="129152271380000000" />
<file name="dsm_15_p_siphonophore.jpg" server="sep.csumb.edu" local="129152271400000000" remote="129152271400000000" />
<file name="dsm_02_p_basketstar.jpg" server="sep.csumb.edu" local="129152271690000000" remote="129152271690000000" />
<file name="dsm_12_p_trash.jpg" server="sep.csumb.edu" local="129152271390000000" remote="129152271390000000" />
<file name="dsm_14_p_bubblegumcoral.jpg" server="sep.csumb.edu" local="129152271400000000" remote="129152271400000000" />
<file name="dsm_10_p_crab.jpg" server="sep.csumb.edu" local="129152271360000000" remote="129152271360000000" />
<file name="dsm_03_p_flytrapanemone.jpg" server="sep.csumb.edu" local="129152271690000000" remote="129152271690000000" />
<file name="dsm_09_p_primnoidcoral2.jpg" server="sep.csumb.edu" local="129152271350000000" remote="129152271350000000" />
<file name="dsm_09_p_trumpetsponge.jpg" server="sep.csumb.edu" local="129152271350000000" remote="129152271350000000" />
<file name="dsm_09_p_trumpetsponge1.jpg" server="sep.csumb.edu" local="129152271350000000" remote="129152271350000000" />
<file name="dsm_08_p_bubblegumcoral2.jpg" server="sep.csumb.edu" local="129152271330000000" remote="129152271330000000" />
<file name="dsm_16_p_crab.jpg" server="sep.csumb.edu" local="129152271410000000" remote="129152271410000000" />
<file name="dsm_16_p_blackcoralbasketstar.jpg" server="sep.csumb.edu" local="129152271410000000" remote="129152271410000000" />
<file name="dsm_16_p_abyssalsnailfish.jpg" server="sep.csumb.edu" local="129152271410000000" remote="129152271410000000" />
<file name="dsm_12_p_mushroomsponge.jpg" server="sep.csumb.edu" local="129152271390000000" remote="129152271390000000" />
<file name="dsm_11_p_mushroomsoftcoral.jpg" server="sep.csumb.edu" local="129152271380000000" remote="129152271380000000" />
<file name="dsm_10_p_whiterufflesponge.jpg" server="sep.csumb.edu" local="129152271370000000" remote="129152271370000000" />
<file name="dsm_16_p_bubblegumcoral1.jpg" server="sep.csumb.edu" local="129152271410000000" remote="129152271410000000" />
<file name="dsm_10_p_bubblegumcoral.jpg" server="sep.csumb.edu" local="129152271360000000" remote="129152271360000000" />
<file name="dsm_11_p_blackcoral1.jpg" server="sep.csumb.edu" local="129152271370000000" remote="129152271370000000" />
<file name="dsm_16_p_primnoidcoral.jpg" server="sep.csumb.edu" local="129152271410000000" remote="129152271410000000" />
<file name="dsm_17_p_bubblegumcoral.jpg" server="sep.csumb.edu" local="129152271420000000" remote="129152271420000000" />
<file name="dsm_11_p_vasesponge.jpg" server="sep.csumb.edu" local="129152271380000000" remote="129152271380000000" />
<file name="dsm_10_p_whiterufflespongewhitebranchedsponge.jpg" server="sep.csumb.edu" local="129152271370000000" remote="129152271370000000" />
<file name="dsm_09_p_preciouscoral.jpg" server="sep.csumb.edu" local="129152271350000000" remote="129152271350000000" />
<file name="dsm_17_p_humboldtsquid.jpg" server="sep.csumb.edu" local="129152271420000000" remote="129152271420000000" />
<file name="dsm_12_p_habitat.jpg" server="sep.csumb.edu" local="129152271390000000" remote="129152271390000000" />
<file name="dsm_13_p_goldencoralsquatlobster.jpg" server="sep.csumb.edu" local="129152271390000000" remote="129152271390000000" />
<file name="dsm_16_p_whitetrumpetsponge.jpg" server="sep.csumb.edu" local="129152271420000000" remote="129152271420000000" />
<file name="dsm_16_p_bubblegumcoralwhitetrumpetsponge.jpg" server="sep.csumb.edu" local="129152271410000000" remote="129152271410000000" />
<file name="dsm_11_p_goldencoral.jpg" server="sep.csumb.edu" local="129152271380000000" remote="129152271380000000" />
<file name="dsm_10_p_whiterufflespongewhitebranchedsponge1.jpg" server="sep.csumb.edu" local="129152271370000000" remote="129152271370000000" />
<file name="dsm_08_p_bubblegumcoralcrab1.jpg" server="sep.csumb.edu" local="129152271340000000" remote="129152271340000000" />
<file name="dsm_11_p_goldencoral1.jpg" server="sep.csumb.edu" local="129152271380000000" remote="129152271380000000" />
<file name="dsm_09_p_preciouscoral1.jpg" server="sep.csumb.edu" local="129152271350000000" remote="129152271350000000" />
<file name="dsm_08_p_codling.jpg" server="sep.csumb.edu" local="129152271340000000" remote="129152271340000000" />
<file name="dsm_09_p_gorgoniancoral.jpg" server="sep.csumb.edu" local="129152271350000000" remote="129152271350000000" />
<file name="dsm_08_p_bubblegumcoral.jpg" server="sep.csumb.edu" local="129152271330000000" remote="129152271330000000" />
<file name="dsm_12_p_cuskeel1.jpg" server="sep.csumb.edu" local="129152271390000000" remote="129152271390000000" />
<file name="dsm_13_p_goldencoral.jpg" server="sep.csumb.edu" local="129152271390000000" remote="129152271390000000" />
<file name="dsm_09_p_primnoidcoral1.jpg" server="sep.csumb.edu" local="129152271350000000" remote="129152271350000000" />
<file name="dsm_08_p_whiterufflesponge.jpg" server="sep.csumb.edu" local="129152271340000000" remote="129152271340000000" />
<file name="dsm_13_p_seaspider.jpg" server="sep.csumb.edu" local="129152271400000000" remote="129152271400000000" />
<file name="dsm_08_p_bubblegumcoralpicassosponge.jpg" server="sep.csumb.edu" local="129152271340000000" remote="129152271340000000" />
<file name="dsm_13_p_cableseawhip.jpg" server="sep.csumb.edu" local="129152271390000000" remote="129152271390000000" />
<file name="dsm_09_p_bamboocoral.jpg" server="sep.csumb.edu" local="129152271340000000" remote="129152271340000000" />
<file name="dsm_11_p_crinoid.jpg" server="sep.csumb.edu" local="129152271370000000" remote="129152271370000000" />
<file name="dsm_11_p_sunstarcucumber.jpg" server="sep.csumb.edu" local="129152271380000000" remote="129152271380000000" />
<file name="dsm_03_p_halosaur.jpg" server="sep.csumb.edu" local="129152271700000000" remote="129152271700000000" />
<file name="dsm_16_p_mushroomsoftcoral.jpg" server="sep.csumb.edu" local="129152271410000000" remote="129152271410000000" />
<file name="dsm_10_p_basketstarpicassosponge.jpg" server="sep.csumb.edu" local="129152271360000000" remote="129152271360000000" />
<file name="dsm_08_p_bubblegumcoralcrab.jpg" server="sep.csumb.edu" local="129152271340000000" remote="129152271340000000" />
<file name="dsm_07_p_bamboocoral.jpg" server="sep.csumb.edu" local="129152271320000000" remote="129152271320000000" />
<file name="dsm_16_p_bubblegumcoral.jpg" server="sep.csumb.edu" local="129152271410000000" remote="129152271410000000" />
<file name="dsm_02_p_bigredjelly.jpg" server="sep.csumb.edu" local="129152271690000000" remote="129152271690000000" />
<file name="dsm_10_p_basketstarwhiterufflesponge.jpg" server="sep.csumb.edu" local="129152271360000000" remote="129152271360000000" />
<file name="dsm_15_p_siphonophore1.jpg" server="sep.csumb.edu" local="129152271400000000" remote="129152271400000000" />
<file name="dsm_12_p_hearturchin.jpg" server="sep.csumb.edu" local="129152271390000000" remote="129152271390000000" />
<file name="dsm_08_p_picassosponge.jpg" server="sep.csumb.edu" local="129152271340000000" remote="129152271340000000" />
<file name="dsm_16_p_gorgoniancoral.jpg" server="sep.csumb.edu" local="129152271410000000" remote="129152271410000000" />
<file name="dsm_12_p_seastar.jpg" server="sep.csumb.edu" local="129152271390000000" remote="129152271390000000" />
<file name="dsm_13_p_blackcoral.jpg" server="sep.csumb.edu" local="129152271390000000" remote="129152271390000000" />
<file name="dsm_13_p_bubblegumcoral2.jpg" server="sep.csumb.edu" local="129152271390000000" remote="129152271390000000" />
<file name="dsm_14_p_picassosponge.jpg" server="sep.csumb.edu" local="129152271400000000" remote="129152271400000000" />
<file name="dsm_14_p_whiterufflesponge.jpg" server="sep.csumb.edu" local="129152271400000000" remote="129152271400000000" />
<file name="dsm_13_p_trash.jpg" server="sep.csumb.edu" local="129152271400000000" remote="129152271400000000" />
<file name="dsm_12_p_flytrapanemone.jpg" server="sep.csumb.edu" local="129152271390000000" remote="129152271390000000" />
<file name="dsm_08_p_bubblegumcoral3.jpg" server="sep.csumb.edu" local="129152271340000000" remote="129152271340000000" />
<file name="dsm_02_p_blobsculpin.jpg" server="sep.csumb.edu" local="129152271690000000" remote="129152271690000000" />
<file name="dsm_16_p_preciouscoral.jpg" server="sep.csumb.edu" local="129152271410000000" remote="129152271410000000" />
<file name="dsm_13_p_bubblegumcoral1.jpg" server="sep.csumb.edu" local="129152271390000000" remote="129152271390000000" />
<file name="dsm_14_p_whitebranchedsponge.jpg" server="sep.csumb.edu" local="129152271400000000" remote="129152271400000000" />
<file name="dsm_10_p_bubblegumcoralpicassosponge.jpg" server="sep.csumb.edu" local="129152271360000000" remote="129152271360000000" />
<file name="dsm_12_p_codling.jpg" server="sep.csumb.edu" local="129152271380000000" remote="129152271380000000" />
<file name="dsm_06_p_crab.jpg" server="sep.csumb.edu" local="129152271700000000" remote="129152271700000000" />
<file name="dsm_10_p_picassosponge.jpg" server="sep.csumb.edu" local="129152271360000000" remote="129152271360000000" />
<file name="dsm_16_p_anemone.jpg" server="sep.csumb.edu" local="129152271410000000" remote="129152271410000000" />
<file name="dsm_07_p_trumpetsponge.jpg" server="sep.csumb.edu" local="129152271330000000" remote="129152271330000000" />
<file name="dsm_09_p_trumpetsponge2.jpg" server="sep.csumb.edu" local="129152271360000000" remote="129152271360000000" />
<file name="dsm_13_p_bubblegumcoralprimnoidcoral.jpg" server="sep.csumb.edu" local="129152271390000000" remote="129152271390000000" />
<file name="dsm_12_p_cuskeel.jpg" server="sep.csumb.edu" local="129152271390000000" remote="129152271390000000" />
<file name="dsm_09_p_gorgoniancoral1.jpg" server="sep.csumb.edu" local="129152271350000000" remote="129152271350000000" />
<file name="dsm_10_p_picassospongecrab.jpg" server="sep.csumb.edu" local="129152271370000000" remote="129152271370000000" />
<file name="dsm_10_p_bubblegumcoral1.jpg" server="sep.csumb.edu" local="129152271360000000" remote="129152271360000000" />
<file name="dsm_09_p_grenadier.jpg" server="sep.csumb.edu" local="129152271350000000" remote="129152271350000000" />
<file name="dsm_13_p_primnoidcoral.jpg" server="sep.csumb.edu" local="129152271400000000" remote="129152271400000000" />
<file name="dsm_09_p_seastar.jpg" server="sep.csumb.edu" local="129152271350000000" remote="129152271350000000" />
<file name="dsm_13_p_ledge.jpg" server="sep.csumb.edu" local="129152271400000000" remote="129152271400000000" />
<file name="dsm_13_p_giantcuskeel1.jpg" server="sep.csumb.edu" local="129152271390000000" remote="129152271390000000" />
<file name="dsm_11_p_acornworm.jpg" server="sep.csumb.edu" local="129152271370000000" remote="129152271370000000" />
<file name="dsm_16_p_hydroid.jpg" server="sep.csumb.edu" local="129152271410000000" remote="129152271410000000" />
<file name="dsm_08_p_bubblegumcoralpicassosponge1.jpg" server="sep.csumb.edu" local="129152271340000000" remote="129152271340000000" />
<file name="dsm_10_p_skeletonshrimp.jpg" server="sep.csumb.edu" local="129152271370000000" remote="129152271370000000" />
<file name="dsm_09_p_gorgoniancoral2.jpg" server="sep.csumb.edu" local="129152404740000000" remote="129152404740000000" />
<file name="dsm_11_p_stalkedgoitersponge.jpg" server="sep.csumb.edu" local="129152271380000000" remote="129152271380000000" />
<file name="dsm_16_p_sponge3d.jpg" server="sep.csumb.edu" local="129152271410000000" remote="129152271410000000" />
<file name="dsm_15_p_trash.jpg" server="sep.csumb.edu" local="129152271400000000" remote="129152271400000000" />
<file name="dsm_11_p_crinoidoctopus.jpg" server="sep.csumb.edu" local="129152271370000000" remote="129152271370000000" />
<file name="dsm_13_p_stalkedcrinoid.jpg" server="sep.csumb.edu" local="129152271400000000" remote="129152271400000000" />
<file name="dsm_13_p_giantcuskeel.jpg" server="sep.csumb.edu" local="129152271390000000" remote="129152271390000000" />
<file name="dsm_08_p_bubblegumcoralwhiterufflesponge.jpg" server="sep.csumb.edu" local="129152271340000000" remote="129152271340000000" />
<file name="dsm_10_p_crabpicassosponge.jpg" server="sep.csumb.edu" local="129152271360000000" remote="129152271360000000" />
<file name="dsm_05_p_bubblegumcoral.jpg" server="sep.csumb.edu" local="129152271700000000" remote="129152271700000000" />
<file name="dsm_06_p_seacucumber.jpg" server="sep.csumb.edu" local="129152271700000000" remote="129152271700000000" />
<file name="dsm_13_p_squatlobsterprimnoidcoral.jpg" server="sep.csumb.edu" local="129152271400000000" remote="129152271400000000" />
<file name="dsm_13_p_scarp.jpg" server="sep.csumb.edu" local="129152271400000000" remote="129152271400000000" />
<file name="dsm_09_p_trash.jpg" server="sep.csumb.edu" local="129152271350000000" remote="129152271350000000" />
<file name="dsm_13_p_ledge1.jpg" server="sep.csumb.edu" local="129152271400000000" remote="129152271400000000" />
<file name="dsm_10_p_basketstar.jpg" server="sep.csumb.edu" local="129152271360000000" remote="129152271360000000" />
<file name="dsm_16_p_cave.jpg" server="sep.csumb.edu" local="129152271410000000" remote="129152271410000000" />
<file name="dsm_11_p_blackcoral.jpg" server="sep.csumb.edu" local="129152271370000000" remote="129152271370000000" />
<file name="dsm_14_p_bamboocoral.jpg" server="sep.csumb.edu" local="129152271400000000" remote="129152271400000000" />
<file name="dsm_13_p_grenadier.jpg" server="sep.csumb.edu" local="129152404740000000" remote="129152404740000000" />
<file name="dsm_12_p_brisingidseastar.jpg" server="sep.csumb.edu" local="129152271380000000" remote="129152271380000000" />
<file name="dsm_07_p_crab.jpg" server="sep.csumb.edu" local="129152271320000000" remote="129152271320000000" />
<file name="dsm_16_p_whiterufflespongewhitetrumpetsponge.jpg" server="sep.csumb.edu" local="129152271420000000" remote="129152271420000000" />
</dwsync>