<?xml version="1.0" encoding="utf-8" ?>
<dwsync>
<file name="sur_34_p_longnoseskate.jpg" server="sep.csumb.edu" local="129127199270000000" remote="129127199270000000" />
<file name="sur_06_p_decoratedcrab.jpg" server="sep.csumb.edu" local="129127199200000000" remote="129127199200000000" />
<file name="sur_33_p_ratfish.jpg" server="sep.csumb.edu" local="129127199270000000" remote="129127199270000000" />
<file name="sur_33_p_skate.jpg" server="sep.csumb.edu" local="129127199270000000" remote="129127199270000000" />
<file name="sur_06_p_unidentifiedinvertebrate.jpg" server="sep.csumb.edu" local="129127199200000000" remote="129127199200000000" />
<file name="sur_20_p_ratfish.jpg" server="sep.csumb.edu" local="129127199240000000" remote="129127199240000000" />
<file name="sur_18_p_flagrockfish.jpg" server="sep.csumb.edu" local="129127199240000000" remote="129127199240000000" />
<file name="sur_04_p_sanddab.jpg" server="sep.csumb.edu" local="129127199200000000" remote="129127199200000000" />
<file name="sur_36_p_flatfish.jpg" server="sep.csumb.edu" local="129152267400000000" remote="129152267400000000" />
<file name="sur_01_p_tubeworm.jpg" server="sep.csumb.edu" local="129127199200000000" remote="129127199200000000" />
<file name="sur_35_p_spotprawn.jpg" server="sep.csumb.edu" local="129127199280000000" remote="129127199280000000" />
<file name="sur_17_p_mediaster.jpg" server="sep.csumb.edu" local="129127199240000000" remote="129127199240000000" />
<file name="sur_33_p_trash.jpg" server="sep.csumb.edu" local="129127199270000000" remote="129127199270000000" />
<file name="sur_16_p_bocaccio.jpg" server="sep.csumb.edu" local="129127199240000000" remote="129127199240000000" />
<file name="sur_35_p_skate.jpg" server="sep.csumb.edu" local="129127199270000000" remote="129127199270000000" />
<file name="sur_50_p_bocaccio.jpg" server="sep.csumb.edu" local="129147166340000000" remote="129147166340000000" />
<file name="sur_08_p_orangeseapen.jpg" server="sep.csumb.edu" local="129127199200000000" remote="129127199200000000" />
<file name="sur_35_p_hagfish.jpg" server="sep.csumb.edu" local="129127199270000000" remote="129127199270000000" />
<file name="sur_35_p_spotprawncrinoid.jpg" server="sep.csumb.edu" local="129127199280000000" remote="129127199280000000" />
<file name="sur_33_p_sablefish.jpg" server="sep.csumb.edu" local="129127199270000000" remote="129127199270000000" />
<file name="sur_12_p_basketstar.jpg" server="sep.csumb.edu" local="129127199240000000" remote="129127199240000000" />
<file name="sur_75_p_longlinerosyrf.jpg" server="sep.csumb.edu" local="129147166350000000" remote="129147166350000000" />
<file name="sur_02_p_sponge.jpg" server="sep.csumb.edu" local="129127199200000000" remote="129127199200000000" />
<file name="sur_01_p_solitaryanemone.jpg" server="sep.csumb.edu" local="129127199200000000" remote="129127199200000000" />
<file name="sur_26_p_orangeseapen.jpg" server="sep.csumb.edu" local="129127199240000000" remote="129127199240000000" />
<file name="sur_35_p_rfspotprawn.jpg" server="sep.csumb.edu" local="129127199270000000" remote="129127199270000000" />
<file name="sur_35_p_aurorasplitnoserf.jpg" server="sep.csumb.edu" local="129127199270000000" remote="129127199270000000" />
<file name="sur_84_p_seawhipstracks.jpg" server="sep.csumb.edu" local="129147166350000000" remote="129147166350000000" />
<file name="sur_08_p_yelloweyerockfish.jpg" server="sep.csumb.edu" local="129127199200000000" remote="129127199200000000" />
<file name="sur_31_p_cucumber.jpg" server="sep.csumb.edu" local="129127199250000000" remote="129127199250000000" />
<file name="sur_35_p_splitnoserf.jpg" server="sep.csumb.edu" local="129127199280000000" remote="129127199280000000" />
<file name="sur_37_p_sunstar.jpg" server="sep.csumb.edu" local="129152267410000000" remote="129152267410000000" />
<file name="sur_65_p_fishingline.jpg" server="sep.csumb.edu" local="129147166340000000" remote="129147166340000000" />
<file name="sur_36_p_octopus.jpg" server="sep.csumb.edu" local="129152267400000000" remote="129152267400000000" />
<file name="sur_35_p_rfbasketstar.jpg" server="sep.csumb.edu" local="129127199270000000" remote="129127199270000000" />
<file name="sur_13_p_animaltracks.jpg" server="sep.csumb.edu" local="129127199240000000" remote="129127199240000000" />
<file name="sur_22_p_strawberryanemone.jpg" server="sep.csumb.edu" local="129127199240000000" remote="129127199240000000" />
<file name="sur_05_p_tubeworm.jpg" server="sep.csumb.edu" local="129127199200000000" remote="129127199200000000" />
<file name="sur_09_p_solitaryanemone.jpg" server="sep.csumb.edu" local="129127199200000000" remote="129127199200000000" />
<file name="sur_05_p_mediaster.jpg" server="sep.csumb.edu" local="129127199200000000" remote="129127199200000000" />
<file name="sur_31_p_spotprawn.jpg" server="sep.csumb.edu" local="129127199260000000" remote="129127199260000000" />
<file name="sur_33_p_dover.jpg" server="sep.csumb.edu" local="129127199270000000" remote="129127199270000000" />
<file name="sur_16_p_seawhip.jpg" server="sep.csumb.edu" local="129127199240000000" remote="129127199240000000" />
<file name="sur_35_p_skate1.jpg" server="sep.csumb.edu" local="129127199280000000" remote="129127199280000000" />
<file name="sur_20_p_basketstar.jpg" server="sep.csumb.edu" local="129127199240000000" remote="129127199240000000" />
<file name="sur_18_p_sponge3d.jpg" server="sep.csumb.edu" local="129127199240000000" remote="129127199240000000" />
<file name="sur_31_p_sculpin.jpg" server="sep.csumb.edu" local="129127199250000000" remote="129127199250000000" />
<file name="sur_34_p_longnoseskate1.jpg" server="sep.csumb.edu" local="129127199270000000" remote="129127199270000000" />
<file name="sur_33_p_ratfish1.jpg" server="sep.csumb.edu" local="129127199270000000" remote="129127199270000000" />
<file name="sur_02_p_brachiopods.jpg" server="sep.csumb.edu" local="129127199200000000" remote="129127199200000000" />
<file name="sur_81_p_bocaccio.jpg" server="sep.csumb.edu" local="129147166350000000" remote="129147166350000000" />
<file name="sur_34_p_chilirf.jpg" server="sep.csumb.edu" local="129127199270000000" remote="129127199270000000" />
<file name="sur_37_p_basketstar.jpg" server="sep.csumb.edu" local="129152267400000000" remote="129152267400000000" />
<file name="sur_70_p_canaryrf.jpg" server="sep.csumb.edu" local="129147166340000000" remote="129147166340000000" />
<file name="sur_37_p_octopus.jpg" server="sep.csumb.edu" local="129152267400000000" remote="129152267400000000" />
<file name="sur_10_p_starryrockfish.jpg" server="sep.csumb.edu" local="129127199230000000" remote="129127199230000000" />
<file name="sur_34_p_skate.jpg" server="sep.csumb.edu" local="129127199270000000" remote="129127199270000000" />
<file name="sur_25_p_seacucumber.jpg" server="sep.csumb.edu" local="129127199240000000" remote="129127199240000000" />
<file name="sur_49_p_fishinggear.jpg" server="sep.csumb.edu" local="129147166340000000" remote="129147166340000000" />
<file name="sur_03_p_trash.jpg" server="sep.csumb.edu" local="129127199200000000" remote="129127199200000000" />
<file name="sur_13_p_rockfishinsponge.jpg" server="sep.csumb.edu" local="129127199240000000" remote="129127199240000000" />
<file name="sur_61_p_sponge3d.jpg" server="sep.csumb.edu" local="129147166340000000" remote="129147166340000000" />
<file name="sur_11_p_sandstar.jpg" server="sep.csumb.edu" local="129127199240000000" remote="129127199240000000" />
<file name="sur_32_p_slender.jpg" server="sep.csumb.edu" local="129127199270000000" remote="129127199270000000" />
<file name="sur_31_p_sunstarcrinoid.jpg" server="sep.csumb.edu" local="129127199260000000" remote="129127199260000000" />
<file name="sur_31_p_hagfish.jpg" server="sep.csumb.edu" local="129127199250000000" remote="129127199250000000" />
<file name="sur_75_p_fishingline.jpg" server="sep.csumb.edu" local="129147166350000000" remote="129147166350000000" />
<file name="sur_31_p_seaslug.jpg" server="sep.csumb.edu" local="129127199250000000" remote="129127199250000000" />
<file name="sur_29_p_skateeggcase.jpg" server="sep.csumb.edu" local="129127199240000000" remote="129127199240000000" />
<file name="sur_12_p_fishinggear.jpg" server="sep.csumb.edu" local="129127199240000000" remote="129127199240000000" />
<file name="Sur_31_p_anemone_crinoid.jpg" server="sep.csumb.edu" local="129127199240000000" remote="129127199240000000" />
<file name="sur_36_p_sunstar.jpg" server="sep.csumb.edu" local="129152267400000000" remote="129152267400000000" />
<file name="sur_10_p_halfbandedrockfish.jpg" server="sep.csumb.edu" local="129127199230000000" remote="129127199230000000" />
<file name="sur_34_p_snailfish.jpg" server="sep.csumb.edu" local="129127199270000000" remote="129127199270000000" />
<file name="sur_32_p_dover.jpg" server="sep.csumb.edu" local="129127199260000000" remote="129127199260000000" />
<file name="sur_31_p_spotprawn_crinoid.jpg" server="sep.csumb.edu" local="129127199260000000" remote="129127199260000000" />
<file name="sur_31_p_crinoid.jpg" server="sep.csumb.edu" local="129127199250000000" remote="129127199250000000" />
<file name="sur_03_p_cancercrab.jpg" server="sep.csumb.edu" local="129127199200000000" remote="129127199200000000" />
</dwsync>